59519dae-05f1-41ea-857f-b74e0dda0139,2313b21f-e7b9-448f-a865-82f9ddae97a3,Maul_FZC,BUY,SPRUCE_SAPLING,Spruce Sapling,1,1.0247967157143936,1.0247967157143936,2025-12-10 12:34:59
92732f12-a36d-4eb9-8efb-6d73817b5a65,830ae796-1780-437a-b421-a6f3125b48e7,Maul_FZC,BUY,SPRUCE_SAPLING,Spruce Sapling,1,1.076036551500112,1.076036551500112,2025-12-10 12:35:00
cfca6c2b-7d3c-4d2b-bd7c-c1a5b0bd2241,1df1a3c7-c510-4341-a714-b7f3ed8dc224,Maul_FZC,BUY,SPRUCE_SAPLING,Spruce Sapling,1,1.1298383790751196,1.1298383790751196,2025-12-10 12:35:01
c208d831-74d2-4592-ae9d-abe493624142,d11de6c2-1934-4d2e-abb7-5d9ffa67676d,Maul_FZC,BUY,SPRUCE_SAPLING,Spruce Sapling,1,1.186330298028876,1.186330298028876,2025-12-10 12:35:02
52c932e7-63aa-4dd6-8cdc-96507ef4242f,28f8ed32-cb67-4b28-be15-f54b1ff537b4,Maul_FZC,BUY,BONE_MEAL,Bone Meal,1,0.5123983578571968,0.5123983578571968,2025-12-10 12:35:30
cb05f4ec-2c31-40b4-b661-70aa82159de6,9f4c58d5-2f91-4ba0-acf7-3066c7c70253,Maul_FZC,BUY,BONE_MEAL,Bone Meal,1,0.538018275750056,0.538018275750056,2025-12-10 12:35:31
40fb5506-d40a-4837-8c3d-e5ea273d66c7,fce3ce6b-0d75-454f-9161-f5d98b2d715c,Maul_FZC,BUY,BONE_MEAL,Bone Meal,1,0.5649191895375598,0.5649191895375598,2025-12-10 12:35:31
2ca119ba-b3b4-4b6b-abc3-efabf38325c7,fd2dddc9-9a4d-4b33-b27e-769c31081ba3,Maul_FZC,BUY,BONE_MEAL,Bone Meal,1,0.593165149014438,0.593165149014438,2025-12-10 12:35:31
b267f8bb-ab0b-45b1-b821-04917efc7212,237dd4ed-adea-440c-bc44-c426022ab56a,Maul_FZC,BUY,BONE_MEAL,Bone Meal,1,0.62282340646516,0.62282340646516,2025-12-10 12:35:31
debf8af0-ebfa-4d49-96d5-9e0f2eb10b2a,d2d88413-5385-4cba-9e2d-01081ab5c331,Maul_FZC,BUY,BONE_MEAL,Bone Meal,1,0.6539645767884172,0.6539645767884172,2025-12-10 12:35:31
e31f5db2-2df9-4ff0-8175-6c96a3759041,d555ab33-fc77-404e-8974-1f217792d4ee,Maul_FZC,BUY,BONE_MEAL,Bone Meal,1,0.6866628056278379,0.6866628056278379,2025-12-10 12:35:32
4ee2f153-4bd0-47d2-bf4a-3e8bf6f880ff,457d58a4-cba1-4bc2-bd9c-fd26a7621848,Maul_FZC,BUY,BONE_MEAL,Bone Meal,1,0.72099594590923,0.72099594590923,2025-12-10 12:35:32
211e4d20-39d7-4fe4-a7f2-11585402e05b,4833292a-ee8b-4f56-a24f-2503e20024e4,Maul_FZC,BUY,BONE_MEAL,Bone Meal,1,0.7570457432046916,0.7570457432046916,2025-12-10 12:35:32
04fa655c-5eb4-4ed3-911f-2a22571529d0,1844fb66-fb57-40fd-a4c6-e47711ad8c1f,Maul_FZC,BUY,BONE_MEAL,Bone Meal,1,0.7948980303649255,0.7948980303649255,2025-12-10 12:35:32
77f1bc1a-1a39-4112-8c18-f6054d464761,8202a445-0b42-4e5d-a6fc-59136d7eccee,Maul_FZC,BUY,BONE_MEAL,Bone Meal,1,0.834642931883173,0.834642931883173,2025-12-10 12:35:32
f070b6fe-a5b4-4070-a8b8-830974ab44d5,50f66eff-b8e9-41d5-b351-63e95b25e9ca,Maul_FZC,BUY,BONE_MEAL,Bone Meal,1,0.8763750784773322,0.8763750784773322,2025-12-10 12:35:32
d81da24d-99db-4a1b-95ec-df9bf42bf888,1d17d989-a390-4508-83a5-a7f761f31f0d,Maul_FZC,BUY,BONE_MEAL,Bone Meal,1,0.920193832401198,0.920193832401198,2025-12-10 12:35:32
e3686886-9511-4772-b51d-d456553ef46e,9261a32c-0589-4e01-84c4-2af62145ec90,Maul_FZC,BUY,BONE_MEAL,Bone Meal,1,0.966203524021259,0.966203524021259,2025-12-10 12:35:33
71d13803-4021-43c5-8e82-eda4a7207bbb,d7d8eb1e-dc84-42cc-b0d6-5a4fda04d2d9,Maul_FZC,BUY,BONE_MEAL,Bone Meal,1,1.0145137002223217,1.0145137002223217,2025-12-10 12:35:33
0837e5c0-7247-4359-9d9e-5f556cec677f,be0526e0-d2a3-42be-9eaa-5b36d889c14e,Maul_FZC,BUY,BONE_MEAL,Bone Meal,1,1.0652393852334334,1.0652393852334334,2025-12-10 12:35:33
33ece200-45f6-427a-906a-80d21dba312c,7d09aac1-0e9c-4901-8684-1a49950491c4,Maul_FZC,BUY,BONE_MEAL,Bone Meal,1,1.1185013544951106,1.1185013544951106,2025-12-10 12:35:33
e19386c8-ddba-4884-bbea-d5a52a8d507b,6ab59ef4-52a1-4c11-9412-382882636514,Maul_FZC,BUY,BONE_MEAL,Bone Meal,1,1.1744264222198624,1.1744264222198624,2025-12-10 12:35:33
eb538968-2501-4fcc-b581-fb1155f9523b,d24c576e-ea65-4bb5-876c-4706e79b96e0,Maul_FZC,BUY,BONE_MEAL,Bone Meal,1,1.2331477433308609,1.2331477433308609,2025-12-10 12:35:35
8d11b625-f9f0-4838-a903-c415fe89551b,836f7d40-e15e-480f-87ad-25b7f2fb819c,Maul_FZC,BUY,BONE_MEAL,Bone Meal,1,1.2948051304973978,1.2948051304973978,2025-12-10 12:35:35
dfdc50cb-12f2-4964-b8e5-4009df0d3189,85687021-7b88-4942-ac23-a70a89226582,Maul_FZC,BUY,BONE_MEAL,Bone Meal,1,1.3595453870222727,1.3595453870222727,2025-12-10 12:35:36
a586a2c7-728a-45be-ab86-f3d585274a87,e4ec29af-4458-4b48-889c-e36467d32573,.FannShizu,BUY,ENDER_EYE,Ender Eye,1,25.61991789285984,25.61991789285984,2025-12-10 13:49:47
b8679738-f2e7-4d99-917f-cfeb945d99cf,4613b057-a3c6-42be-88a6-81107504279e,.FannShizu,BUY,FILLED_MAP,Filled Map,1,10.247967157143936,10.247967157143936,2025-12-10 13:49:47
17dde0d5-80e2-47e6-a0e5-e6fbcdf319c9,a869b1bd-f9ae-4375-8b8e-6c68df62d15b,.FannShizu,BUY,ENDER_EYE,Ender Eye,1,26.9009137875028,26.9009137875028,2025-12-10 13:49:47
140d6d58-36aa-4b8a-8359-8b5af9a64850,ef066a5a-c20a-442c-870f-35d9656a58f9,Maul_FZC,BUY,ANVIL,Anvil,1,51.23983578571968,51.23983578571968,2025-12-10 13:50:02
ca0aebdb-aa9c-4980-bec2-b4c4dc5534c2,d39ce2d9-3301-4763-a4b9-f57d82a2ef63,.FannShizu,BUY,RAW_IRON,Raw Iron,1,4.099186862857574,4.099186862857574,2025-12-10 14:19:03
8925db34-ff78-485f-af2b-7b4aba381a6a,197761e7-3583-4761-b5a7-c3a7904d97b3,.FannShizu,BUY,RAW_IRON,Raw Iron,1,4.304146206000448,4.304146206000448,2025-12-10 14:19:05
25e8be83-e324-4514-a4cd-ef02f08afd00,1a1ef6b4-8a01-4ffd-b681-a40025948ee0,.FannShizu,BUY,RAW_IRON,Raw Iron,1,4.5193535163004785,4.5193535163004785,2025-12-10 14:19:09
31895ecf-a6ff-4ea0-9e4c-37caa731c91d,8fe925e9-234c-45f7-8366-e8893b679b24,.FannShizu,BUY,RAW_IRON,Raw Iron,1,4.745321192115504,4.745321192115504,2025-12-10 14:19:10
d3309617-7817-4ea6-a83c-29e13c58d533,6074f2f4-6d6d-4428-8886-590ce6bc0b2c,.FannShizu,BUY,RAW_IRON,Raw Iron,1,4.98258725172128,4.98258725172128,2025-12-10 14:19:11
3b7ef2f8-13e2-4dbf-b828-fc3171994869,31eeee65-df1a-4afc-a7b6-15c520aabaa1,.FannShizu,BUY,RAW_IRON,Raw Iron,1,5.231716614307338,5.231716614307338,2025-12-10 14:19:12
88128bb5-a2eb-402f-959c-8c2e0a422286,9937002d-9ff7-4e53-ae85-f1c11fa5a475,.FannShizu,BUY,RAW_IRON,Raw Iron,1,5.493302445022703,5.493302445022703,2025-12-10 14:19:13
a94870f0-3842-4539-9eef-315b4200038a,35c90f02-00f5-4275-b545-0e3c6cfb4b16,Ryu_Less,SELL,LEATHER,Leather,7,9.769129999999999,1.3955899999999999,2025-12-10 14:41:06
7ac4451e-cad8-4227-bf0d-4e2d302a98d1,0137436f-806f-4098-aab6-27dd0c91c3ad,Ryu_Less,BUY,BOOK,Book,1,3.0743901471431805,3.0743901471431805,2025-12-10 15:35:34
26e383ef-7b13-421a-ba81-f4d62d9e3cdd,354aa371-093c-412e-9e58-5e8adebc4316,Ryu_Less,BUY,BOOK,Book,1,3.228109654500336,3.228109654500336,2025-12-10 15:35:35
65537043-a177-4dfe-9824-bab2b1e77b88,c0562e75-a519-4123-aab8-1bd2e7df4ddd,Ryu_Less,BUY,BOOK,Book,1,3.3895151372253594,3.3895151372253594,2025-12-10 15:35:35
cf78e9b0-599d-41eb-9332-fe963cf82774,ea0bc806-3474-43a9-8b7a-ed06bf7a3921,BojoLimo,SELL,DIRT,Dirt,1,0.699685,0.699685,2025-12-10 15:46:23
f4cb3fd8-6e76-4e1a-9fb9-f7787d7d916c,b3b3a4ae-337c-4199-8580-7b599ebff702,BojoLimo,SELL,DIRT,Dirt,1,0.699055,0.699055,2025-12-10 15:46:24
84e71d15-c88f-4090-aad9-459e6dc25da6,e0aa65ca-2959-4278-9b0d-54308bea4485,BojoLimo,SELL,DIRT,Dirt,1,0.698425,0.698425,2025-12-10 15:46:24
6ee71a49-a059-464c-b554-aa1e1c2c3424,2580bf12-8596-4dfd-9d8d-f0f70b7bcb56,BojoLimo,SELL,DIRT,Dirt,1,0.6977949999999999,0.6977949999999999,2025-12-10 15:46:25
85ab90d1-dbc1-4270-8eda-26171a5700d2,f8634586-d62f-4223-aa31-f79d567cb71a,BojoLimo,SELL,DIRT,Dirt,64,43.348479999999995,0.6773199999999999,2025-12-10 15:46:27
84babf07-745f-46bd-8127-ff2a3542e8f3,242a0b0c-8ab5-4e29-bd4c-4e817e0e7f74,BojoLimo,SELL,DIRT,Dirt,64,40.768,0.637,2025-12-10 15:46:28
f9e6129c-39e6-4c04-857b-839c2efe926d,efce5146-c827-4eeb-9922-2acdee5de0c7,BojoLimo,SELL,DIRT,Dirt,64,38.18752,0.59668,2025-12-10 15:46:29
fdf42dad-3601-4e68-99a7-a5f5e1ad2b81,1b737dd8-83b5-420a-9635-6fb04e7ea685,BojoLimo,SELL,DIRT,Dirt,64,35.60704,0.55636,2025-12-10 15:47:07
0610d0ee-4684-492e-9116-8104421c686f,a8481f84-90cc-4eee-b45a-6e066d425454,BojoLimo,SELL,ACACIA_LOG,Acacia Log,64,87.01951999999999,1.3596799999999998,2025-12-10 15:47:20
fd393ee0-dc6c-4cd5-8215-4c4a3a703889,0e07089e-4302-48de-bb89-1c2e3f4c2f36,BojoLimo,SELL,ACACIA_LOG,Acacia Log,11,14.436729999999999,1.31243,2025-12-10 15:47:21
f99dc454-ea81-4a27-bd00-d6a6bc5d3321,e68ef337-b0e7-42d2-9449-5c878a9f4678,PriaBiasa,SELL,GOLDEN_APPLE,Golden Apple,1,34.984249999999996,34.984249999999996,2025-12-10 15:49:21
3f23babc-23d2-4dcd-9611-59a229db3394,2c564bef-30ac-4df4-b3c9-0f35229113b1,BojoLimo,BUY,MELON_SEEDS,Melon Seeds,1,1.0247967157143936,1.0247967157143936,2025-12-10 15:52:24
79c69144-f2a3-4b18-8adc-f9a0afd58146,52d0bd67-4b48-40f1-a07c-5d91f914d8f8,Ryu_Less,BUY,SADDLE,Saddle,1,20.495934314287872,20.495934314287872,2025-12-10 15:53:38
6f2fb5a1-f0d8-4d8e-b7a1-6bfff5806d8f,04175269-bb72-4ed0-a8b6-90e87cc3e033,Ryu_Less,BUY,WOODEN_PICKAXE,Wooden Pickaxe,1,2.049593431428787,2.049593431428787,2025-12-10 15:57:11
e80f70a0-40c4-43df-aac7-35d75b19ee3a,ea79a4a5-8cb9-406a-b4f5-fa6aa5f9b1c4,Ryu_Less,SELL,WOODEN_PICKAXE,Wooden Pickaxe,1,1.434715402000151,1.434715402000151,2025-12-10 15:57:31
f467a3cb-6e6c-49a3-b424-e8fe655782ba,fceab1df-3dd9-442a-b068-fe1c0ae0bd28,Ryu_Less,BUY,REDSTONE,Redstone,1,2.049593431428787,2.049593431428787,2025-12-10 15:57:56
0a03cf11-a22e-4b98-b40d-d15097c87d88,6df4176b-5d18-4366-83aa-e3ab92c7ab4a,Ryu_Less,SELL,REDSTONE,Redstone,1,1.434715402000151,1.434715402000151,2025-12-10 15:58:01
a9d2a8b1-fb9f-47f6-a896-9135640ee78d,b92adcf6-28dd-4d24-9467-cb561ff5bebc,Ryu_Less,SELL,REDSTONE,Redstone,1,1.39937,1.39937,2025-12-10 15:58:02
f2630457-054f-4bbb-bd85-786c4b5b74e9,3c680fe8-609f-493e-9e1a-04639941ce97,Ryu_Less,SELL,REDSTONE,Redstone,1,1.39811,1.39811,2025-12-10 15:58:04
22a727da-651b-49c9-bc8c-aeed42a71164,535f343c-84a2-4b47-b2ce-b28280e22abc,Ryu_Less,SELL,REDSTONE,Redstone,1,1.39685,1.39685,2025-12-10 15:58:05
5caa96be-23ca-478b-b2e6-ba86c263acc0,2e0f9a7e-1136-4fd6-9424-8de4678fc751,Ryu_Less,SELL,REDSTONE,Redstone,1,1.3955899999999999,1.3955899999999999,2025-12-10 15:58:05
9197c820-aa44-404d-9e27-1cb2862a3cbb,e0e07d2a-24ac-4f7b-9be1-6eff34f905ca,Ryu_Less,SELL,REDSTONE,Redstone,1,1.3943299999999998,1.3943299999999998,2025-12-10 15:58:06
4c0672a4-fe3a-4f0b-8de4-f66a390bfc13,ea352f87-bd51-4bbf-8e9b-c4c56957c839,Ryu_Less,SELL,REDSTONE,Redstone,1,1.3930699999999998,1.3930699999999998,2025-12-10 15:58:06
48f013d9-02c3-4cd2-ad7d-ecca8a5b48f4,20e52eb1-fdca-45df-a25f-242aa66c5de5,Ryu_Less,SELL,REDSTONE,Redstone,1,1.39181,1.39181,2025-12-10 15:58:06
8024c1ed-5c0b-4bba-abb5-ff500fa2d3af,21221a97-3579-4d50-923d-2581ac00c8f1,Ryu_Less,SELL,REDSTONE,Redstone,1,1.39055,1.39055,2025-12-10 15:58:06
f9e1b43a-9c5c-40ed-a3d1-038cc980506c,60d6a4b9-0737-4ae8-945b-89fea51ec3b5,Ryu_Less,SELL,REDSTONE,Redstone,1,1.38929,1.38929,2025-12-10 15:58:06
6d3e6ad5-5faf-4166-b37b-9abafb3f9e2b,bc1a4cda-bcaa-4b97-8697-92a1827c5145,Ryu_Less,SELL,REDSTONE,Redstone,1,1.38803,1.38803,2025-12-10 15:58:07
1a3b1d70-2fde-4559-bb4c-2db3a6335f5b,b60df467-b737-40fe-a914-743a9158defa,Ryu_Less,SELL,REDSTONE,Redstone,1,1.38677,1.38677,2025-12-10 15:58:07
fc7e2d98-b6cd-4038-ab45-cfc362324268,fa698615-f61a-4bb6-a6a0-5b7829446e54,Ryu_Less,BUY,IRON_INGOT,Iron Ingot,1,8.198373725715149,8.198373725715149,2025-12-10 16:00:42
e85677a4-7bd3-448c-abf8-286065e74aac,c25b6800-1819-4db5-bfd8-a28e26a0ea7b,BojoLimo,BUY,IRON_INGOT,Iron Ingot,1,8.608292412000896,8.608292412000896,2025-12-10 16:33:17
434d5ae3-f6b7-4ef5-adcd-39a9939d1ecc,fadea1bf-73a5-4f84-8cb0-e89c740d0d00,Maul_FZC,SELL,SUGAR_CANE,Sugar Cane,64,43.50975999999999,0.6798399999999999,2025-12-11 05:16:07
7b4f2760-1ead-4634-b249-0f97194fdda3,671d8326-9694-4528-97a3-16f78d6ea6a8,Maul_FZC,SELL,SUGAR_CANE,Sugar Cane,64,40.92928,0.63952,2025-12-11 05:16:09
64c318d1-01a9-4661-a258-918e58587ce0,8423db4a-1708-4e04-b452-fd863ad47de1,Maul_FZC,SELL,SUGAR_CANE,Sugar Cane,64,38.3488,0.5992,2025-12-11 05:16:10
c622ed3b-4d8d-4b88-9b42-70c84f078eb0,fe909566-994e-45b9-8ee3-35f470f815f8,Maul_FZC,SELL,SUGAR_CANE,Sugar Cane,64,35.768319999999996,0.5588799999999999,2025-12-11 05:16:10
2f8d35dd-f47f-4551-a54e-3c9c9499acd7,19229be2-c09c-48b7-a35e-01478476e55c,Maul_FZC,SELL,WHEAT_SEEDS,Wheat Seeds,64,21.754879999999996,0.33991999999999994,2025-12-11 05:16:49
0e332e0e-d629-4cb1-84b1-428aaac3a93c,db61b332-0d17-4a92-bf7e-79f3986453fc,Maul_FZC,SELL,WHEAT_SEEDS,Wheat Seeds,64,20.46464,0.31976,2025-12-11 05:16:50
bfc414a9-2607-4580-9ead-3ff4b60462ab,0360ac9c-297a-426b-86b8-9053062d567b,Maul_FZC,SELL,WHEAT_SEEDS,Wheat Seeds,64,19.1744,0.2996,2025-12-11 05:16:50
66126ad9-d4a0-4ed7-8e74-17bca2e352c6,141ffd4f-1f55-4744-9e95-f766f3165dd8,Maul_FZC,SELL,WHEAT_SEEDS,Wheat Seeds,64,17.884159999999998,0.27943999999999997,2025-12-11 05:16:51
6c627d18-1569-4e4c-916f-2721535ffaa2,4f55187b-a6ee-4741-8924-38e711b2f3fa,Maul_FZC,SELL,WHEAT_SEEDS,Wheat Seeds,64,16.59392,0.25928,2025-12-11 05:16:52
83dc1510-8ad5-4ab8-bf24-ab35fcdfe93a,d758e034-9ec5-4384-9f01-a5465935f8ff,Maul_FZC,SELL,WHEAT_SEEDS,Wheat Seeds,1,0.2490425,0.2490425,2025-12-11 05:16:52
294a05da-b2f3-4368-8f3c-294cbcbc7bbc,1cdb064c-432e-4d36-8c5f-41a6c8f4d328,.FannShizu,BUY,ENDER_EYE,Ender Eye,1,28.245959476877992,28.245959476877992,2025-12-11 05:35:48
ca707383-6606-4e31-a706-845965bbb849,70695e2f-ca32-4e12-809a-6fbff9e67793,.FannShizu,BUY,ENDER_EYE,Ender Eye,1,29.658257450721898,29.658257450721898,2025-12-11 05:35:50
b63b124d-705d-4dd8-9ea2-847a08f07cd9,4978183e-e78e-4976-8a7b-edb7cba03660,.FannShizu,BUY,ENDER_EYE,Ender Eye,1,31.141170323258,31.141170323258,2025-12-11 05:35:52
2272daaa-1793-4302-8dc2-52cf1bf4b010,1c538fe8-6cb2-46be-b86b-6fcadd97036f,Ryu_Less,BUY,EXPERIENCE_BOTTLE,Experience Bottle,1,20.495934314287872,20.495934314287872,2025-12-11 08:15:26
7d44f6cf-8b17-4d6c-92bf-9b44465fc56e,9804dff5-a25d-40a3-b45e-7935c030d02f,Ryu_Less,BUY,EXPERIENCE_BOTTLE,Experience Bottle,1,21.520731030002242,21.520731030002242,2025-12-11 08:15:34
9e4f2ef2-9eee-4350-8d2c-56c1a15ba97c,510ff61e-7328-4359-8ab4-a56be510154f,Ryu_Less,BUY,EXPERIENCE_BOTTLE,Experience Bottle,1,22.596767581502395,22.596767581502395,2025-12-11 08:15:39
a8fc0ff2-e111-467e-8e02-9c4f56582e0d,ab72d9e9-be10-462d-84c9-834ca5075fc7,Ryu_Less,BUY,EXPERIENCE_BOTTLE,Experience Bottle,1,23.72660596057752,23.72660596057752,2025-12-11 08:15:42
48d8281e-7d07-40c7-a155-cd9a304d5e5c,a04a4ab1-027b-450e-838f-0df7dcd4ee61,Ryu_Less,BUY,EXPERIENCE_BOTTLE,Experience Bottle,1,24.9129362586064,24.9129362586064,2025-12-11 08:15:42
e58635ee-fc6a-4b6f-9319-1f6c0b87904c,bde97e78-6da0-43ef-b9f2-f69969826138,Ryu_Less,BUY,EXPERIENCE_BOTTLE,Experience Bottle,1,26.158583071536693,26.158583071536693,2025-12-11 08:15:43
a99fca70-361e-417a-bafc-4ff6187d4e1f,cdcffb8c-2581-40d2-9625-98208220208a,Ryu_Less,BUY,EXPERIENCE_BOTTLE,Experience Bottle,1,27.46651222511352,27.46651222511352,2025-12-11 08:15:43
53097344-5844-4a73-adf7-e765b65b85ad,df5129a1-b4d7-45c4-9969-d4988e35dbee,Ryu_Less,BUY,EXPERIENCE_BOTTLE,Experience Bottle,1,28.8398378363692,28.8398378363692,2025-12-11 08:15:43
eb89eb5a-a99c-4f96-84f1-67f0f3d4ba56,0f134104-ca17-41ca-bbdd-a794149e1b02,Ryu_Less,BUY,EXPERIENCE_BOTTLE,Experience Bottle,1,30.281829728187667,30.281829728187667,2025-12-11 08:15:43
7f985af4-74f2-464e-993c-973a23d3e7bb,dd110338-6b3a-423c-b69f-1e98d241762e,Ryu_Less,BUY,GRINDSTONE,Grindstone,1,4.099186862857574,4.099186862857574,2025-12-11 08:16:39
d8392ef4-7159-4fba-a920-93ad143554ed,2bf4772b-e455-4c21-b94b-239f19a1dd8b,Ryu_Less,BUY,SPRUCE_SAPLING,Spruce Sapling,1,1.24564681293032,1.24564681293032,2025-12-11 08:19:07
77f2ef2f-0d85-4e26-9084-efef77065337,bf4ce530-89f1-48bb-8d69-bda73a0f42d7,Ryu_Less,BUY,SPRUCE_SAPLING,Spruce Sapling,1,1.3079291535768345,1.3079291535768345,2025-12-11 08:19:09
adccbff3-866f-4ed7-81d0-4bfb106ffbe2,7b5dd48f-fc3f-4c2a-a1b7-64566c68a639,Ryu_Less,BUY,SPRUCE_SAPLING,Spruce Sapling,1,1.3733256112556758,1.3733256112556758,2025-12-11 08:19:09
3a70aab8-3f6b-4d5c-9040-9f24e2756a6c,195af2f3-fc71-4e03-aed1-3c431ca6c53f,Ryu_Less,BUY,SPRUCE_SAPLING,Spruce Sapling,1,1.44199189181846,1.44199189181846,2025-12-11 08:19:10
a798d16d-2c81-4b3b-8630-e8cf096c7183,9eef9280-84ea-49d1-851c-e27e53547c9b,Ryu_Less,BUY,SPRUCE_SAPLING,Spruce Sapling,1,1.5140914864093833,1.5140914864093833,2025-12-11 08:19:10
3149ea3c-507b-4f21-a0bd-c326c8f9f2a3,b72e29ce-25ad-4df1-a3b7-b8bf23d01cac,Ryu_Less,BUY,SPRUCE_SAPLING,Spruce Sapling,1,1.589796060729851,1.589796060729851,2025-12-11 08:19:11
7322e5a5-74b9-4509-8138-3e289b84cd5a,d7f0dc68-26b8-452a-8338-060fff0a674b,Ryu_Less,SELL,GUNPOWDER,Gunpowder,1,2.79874,2.79874,2025-12-11 08:23:36
d69d18f5-dbf3-4d5b-a481-e79e9cbe5b12,2f539d5f-dad0-4fc6-9a8e-c7bed3e471ac,Ryu_Less,SELL,NETHER_BRICK,Nether Brick,1,1.39937,1.39937,2025-12-11 09:19:06
947b8d33-83c8-4895-9d6b-3f161ffc2d21,5244f5c3-57f4-482f-8c09-fe3d340db052,Ryu_Less,SELL,NETHER_BRICK,Nether Brick,1,1.39811,1.39811,2025-12-11 09:19:06
ae6da0b7-945d-490c-be45-e85bd51e9842,27b30fd7-0ee7-4dae-9efc-0a78d000d6b7,Ryu_Less,SELL,SOUL_SOIL,Soul Soil,1,1.39937,1.39937,2025-12-11 09:19:23
8bdab356-fced-415a-8591-7e6dac2ffd0b,fdc45f01-f258-4cc1-9aa4-f45215d80c2e,Ryu_Less,SELL,BLACKSTONE,Blackstone,1,1.0495275,1.0495275,2025-12-11 09:19:42
fde362f8-8b8c-43d2-863c-c46bb1fb3da7,99f8b902-41ed-409a-ac7f-793acc2278be,Ryu_Less,SELL,BLACKSTONE,Blackstone,1,1.0485825,1.0485825,2025-12-11 09:19:42
095c169d-d35a-443a-811e-319d1b4c435c,abfef76e-12f5-4997-8f15-190c5b95438a,Ryu_Less,SELL,SOUL_SAND,Soul Sand,30,41.43299999999999,1.3810999999999998,2025-12-11 09:20:01
369acfde-b808-436f-8677-fd94c9830344,7612654a-2adb-4e59-88c9-8a9b70fb4872,Ryu_Less,BUY,SADDLE,Saddle,1,21.520731030002242,21.520731030002242,2025-12-11 09:20:25
c153f193-fb09-48c8-aa4a-13d5b5df1819,b51e01ec-498f-4f23-8123-710d43cb3ef5,BojoLimo,BUY,NETHERITE_BOOTS,Netherite Boots,1,512.3983578571967,512.3983578571967,2025-12-12 14:15:26
79e180b1-c19b-409e-bc61-08fed454f9a0,e716961a-245a-44be-a27b-07cd014b0f24,BojoLimo,BUY,NETHERITE_CHESTPLATE,Netherite Chestplate,1,819.8373725715148,819.8373725715148,2025-12-12 14:15:27
8072e3fc-0e10-4a24-ae72-ade6184af518,2f5554cc-5d53-4b74-9dbe-12677f30c316,BojoLimo,BUY,NETHERITE_LEGGINGS,Netherite Leggings,1,717.3577010000754,717.3577010000754,2025-12-12 14:15:28
3557cc96-013b-4341-a180-f660ef11c729,9c31b191-fda2-4760-af31-50239ac08e4f,BojoLimo,BUY,NETHERITE_HELMET,Netherite Helmet,1,512.3983578571967,512.3983578571967,2025-12-12 14:15:29
33077c5a-b867-4c64-9663-3eba9939cb2a,2822bd7d-ca70-4d4e-a567-b84ce4d67b18,BojoLimo,BUY,NETHERITE_SWORD,Netherite Sword,1,358.6788505000377,358.6788505000377,2025-12-12 14:16:04
4f595c52-a1bf-418b-98c6-dc1ad615d9dd,93915548-2323-4d1d-b3fd-01c78cb9dd0f,BojoLimo,BUY,NETHERITE_SHOVEL,Netherite Shovel,1,256.19917892859837,256.19917892859837,2025-12-12 14:16:05
5c88ec29-d68a-4e85-8ba4-07a974f0f51b,be74c804-30a0-4b43-b64c-4ba9f1369bb9,BojoLimo,BUY,NETHERITE_PICKAXE,Netherite Pickaxe,1,358.6788505000377,358.6788505000377,2025-12-12 14:16:05
47c4269b-709f-4efa-bc1e-5b6b2c18e88d,7cee1f80-c148-4010-a510-0dd4ec1261f7,BojoLimo,BUY,NETHERITE_AXE,Netherite Axe,1,358.6788505000377,358.6788505000377,2025-12-12 14:16:06
a345418f-5593-4f65-a7be-d81665a761c8,008398f2-d58e-4ed2-a702-a169b1074039,BojoLimo,BUY,SHIELD,Shield,1,5.123983578571968,5.123983578571968,2025-12-12 14:20:14
e8b62f10-7899-4dbc-ad6d-3afe01ebcb9e,fbe48781-a86e-4ece-9010-5657908dc6f6,Xitsongalo,SELL,OAK_PLANKS,Oak Planks,1,1.0495275,1.0495275,2025-12-12 15:05:38
23f6e59e-d333-4672-b2f6-7e164911ca01,0f19fab0-d7c1-4b40-a1ba-7f600cfa6f29,Xitsongalo,SELL,OAK_PLANKS,Oak Planks,1,1.0485825,1.0485825,2025-12-12 15:05:41
6d96d300-f6ed-435b-a04d-62d21711cf6a,6a079185-98e9-4298-91ac-7937a836a427,Xitsongalo,SELL,STICK,Stick,1,0.0699685,0.0699685,2025-12-12 15:05:45
b6a95803-c3d8-43c6-bb8f-c6379050a841,b76592ed-5d71-44b5-9467-400f55fb30c5,Xitsongalo,SELL,STICK,Stick,1,0.0699055,0.0699055,2025-12-12 15:05:46
b5eb9804-1855-4148-8607-e0be2a0bb5ff,5f18dddb-2a2f-4de8-bf76-426d64ee6229,Xitsongalo,SELL,AZURE_BLUET,Azure Bluet,1,0.3498425,0.3498425,2025-12-12 15:05:47
88a73e9a-b6bc-4ba9-8c5b-c55b184be695,cc6e385d-e1ab-452a-8b77-4ccb71293bb6,Xitsongalo,SELL,WHEAT_SEEDS,Wheat Seeds,1,0.2487275,0.2487275,2025-12-12 15:05:48
b2d9238c-bf69-4757-9649-7880d518f8b1,1a2ca505-1dbe-4fe4-a394-e06a225bda5c,Xitsongalo,SELL,WHEAT_SEEDS,Wheat Seeds,1,0.24841249999999998,0.24841249999999998,2025-12-12 15:05:49
b8b6dbb4-69eb-46cf-8da6-11d59ba31a30,5a65cb89-fd81-45a3-b5e3-dcc1cd7522fc,Xitsongalo,SELL,WHEAT_SEEDS,Wheat Seeds,1,0.24809749999999997,0.24809749999999997,2025-12-12 15:05:49
9f0496f1-f33b-4f1c-a77a-c520579f6ec2,42fdd730-2860-48b0-8460-58c652dc10ce,Xitsongalo,SELL,WHEAT_SEEDS,Wheat Seeds,1,0.24778249999999996,0.24778249999999996,2025-12-12 15:05:49
c5ffb51a-5f23-4815-90a6-6114c9acf9de,4f50e118-0083-45b2-a70f-e134234f9922,Xitsongalo,SELL,WHEAT_SEEDS,Wheat Seeds,1,0.24746749999999998,0.24746749999999998,2025-12-12 15:05:49
49c80a6a-4295-429f-b62e-ef3088859122,4415596d-0d09-4c03-9bf8-4b5acd71d2dc,Xitsongalo,SELL,WHEAT_SEEDS,Wheat Seeds,1,0.2471525,0.2471525,2025-12-12 15:05:49
fd35f617-7b24-4968-971c-bac0f6e16770,b1939249-5f9d-485d-ac45-0da53933a4ea,Xitsongalo,SELL,WHEAT_SEEDS,Wheat Seeds,1,0.24683749999999996,0.24683749999999996,2025-12-12 15:05:50
860419b8-4b3f-48a1-833b-4294cf9aa17c,a9c9fcaf-d6c4-4fd4-9c7d-fdf0b6854e7a,Xitsongalo,SELL,WHEAT_SEEDS,Wheat Seeds,1,0.2465225,0.2465225,2025-12-12 15:05:50
2ad41723-5581-4622-8bd9-cdd6c83bd7c5,164048d8-5048-4040-958a-43518936a33b,Xitsongalo,SELL,DIRT,Dirt,1,0.535885,0.535885,2025-12-12 15:05:52
19009ca0-93f8-4d61-8d3f-2433fefdc362,dd6e1f84-df64-4aab-86be-010f9c930ee3,Xitsongalo,SELL,DIRT,Dirt,1,0.535255,0.535255,2025-12-12 15:05:54
ea5b5967-d15c-4509-a4e3-6fbffe44e768,c3bc2a3e-d9d6-4b70-aaff-98aa1aa32acb,Xitsongalo,SELL,DIRT,Dirt,1,0.534625,0.534625,2025-12-12 15:05:54
28e4639b-5708-4769-80a0-cc24e18229f5,ae8892b5-c0dd-4e23-ac72-0a18c1b4f003,Xitsongalo,SELL,DIRT,Dirt,1,0.533995,0.533995,2025-12-12 15:05:55
22608953-d822-4507-a0aa-91438a4951d8,2b39b736-92d8-4f0e-9713-5ec235f8d74a,Xitsongalo,SELL,DIRT,Dirt,1,0.533365,0.533365,2025-12-12 15:05:55
588a28f9-60d9-4211-a49f-792148ca1d0e,c0ac6c26-d8a9-47d4-9ebd-021d33da6e65,Xitsongalo,SELL,DIRT,Dirt,1,0.532735,0.532735,2025-12-12 15:05:56
f8a06152-fd61-4eb6-929e-14ef46dba29d,25f29bc2-6186-42f7-a79e-e59134af9657,Xitsongalo,SELL,DIRT,Dirt,1,0.5321049999999999,0.5321049999999999,2025-12-12 15:05:56
07ed7188-3a06-453e-ba03-346cbe8c5b43,0463f633-726c-4c28-b1b0-069b49cb621d,Ryu_Less,SELL,AMETHYST_SHARD,Amethyst Shard,64,435.09759999999994,6.798399999999999,2025-12-13 06:24:06
672a6f1c-514f-4e1f-be0f-6b400e971464,d7e98ace-d0b7-4878-b9ec-74bd21d898b0,Ryu_Less,SELL,AMETHYST_SHARD,Amethyst Shard,54,347.04179999999997,6.426699999999999,2025-12-13 06:24:06
0df5e9f7-093d-45fe-a41d-1a2201163af1,126e3780-ccbd-46a3-8cb4-0858d9d08720,Ryu_Less,BUY,ANVIL,Anvil,1,53.8018275750056,53.8018275750056,2025-12-13 06:24:23
b3356b46-e8fe-4218-b4ff-16ea5698c7b3,e9dfd7bb-7b6e-4377-b40e-1370e5d660cc,Ryu_Less,BUY,SADDLE,Saddle,1,22.596767581502395,22.596767581502395,2025-12-13 06:44:17
063164bb-6571-4452-b349-dcafbde30147,549ef16b-bf34-47d7-9388-a8f1e53cd558,Ryu_Less,BUY,SUGAR_CANE,Sugar Cane,1,0.77005,0.77005,2025-12-13 07:11:42
9c9c07fd-e110-42b4-b6d5-6f6cacd02ccd,9b8a7b09-0ac0-437e-8901-144459b3ce46,Ryu_Less,BUY,SUGAR_CANE,Sugar Cane,1,0.77095,0.77095,2025-12-13 07:11:42
0e6bf854-4cb5-48cb-ba4e-fe7db9924c95,0487b4ca-fdee-478d-a195-0d9c804271fc,Ryu_Less,BUY,SUGAR_CANE,Sugar Cane,1,0.7718499999999999,0.7718499999999999,2025-12-13 07:11:42
38e3fbd1-838a-46a3-bb00-c5738fa6adfa,3e0f44a5-9f07-4174-bd3d-6573724c0780,Ryu_Less,BUY,SUGAR_CANE,Sugar Cane,1,0.77275,0.77275,2025-12-13 07:11:42
5fe02619-9c7f-4abe-b32a-470857c5b09f,2ffb5a9f-7058-44c1-94d3-eea877f1dd3c,Ryu_Less,BUY,SUGAR_CANE,Sugar Cane,1,0.77365,0.77365,2025-12-13 07:11:42
5388f0ef-ed0c-4122-bac3-3552a329c585,58bcd9f7-45fb-4e0e-a415-3ac3fbf90cb7,Ryu_Less,BUY,SUGAR_CANE,Sugar Cane,1,0.77455,0.77455,2025-12-13 07:11:43
0786f0c8-d864-4210-bac9-cbdaafc31ceb,0409450f-5492-48ef-9364-a5b99003438d,Ryu_Less,BUY,SUGAR_CANE,Sugar Cane,1,0.77545,0.77545,2025-12-13 07:11:43
8a3b0b51-62ac-4bda-90df-db8cabd58e4d,85d1b793-eb39-4b21-affe-23e41651be9e,Ryu_Less,BUY,SUGAR_CANE,Sugar Cane,1,0.77635,0.77635,2025-12-13 07:11:43
9c7b5958-513f-474a-a048-acdafe8ee318,221cd822-00f4-4bd4-96f7-7410864efc68,Ryu_Less,BUY,SUGAR_CANE,Sugar Cane,1,0.77725,0.77725,2025-12-13 07:11:43
b408ff6a-bed4-4490-a240-ffc659c914bb,9a88bfe0-4ceb-4740-9df2-1011cad43cc5,Ryu_Less,BUY,SUGAR_CANE,Sugar Cane,1,0.77815,0.77815,2025-12-13 07:11:43
2d5771c1-6505-4f63-94b9-8629d019d324,c9d6e517-afa3-4c2d-9720-b1f2b0b89699,Ryu_Less,BUY,SUGAR_CANE,Sugar Cane,1,0.77905,0.77905,2025-12-13 07:11:43
fb210ba2-38ae-45c2-a44e-cac8a1311bf1,e8702fea-b3f0-46fb-b944-910d8f4fb1e6,Ryu_Less,BUY,SUGAR_CANE,Sugar Cane,1,0.7799499999999999,0.7799499999999999,2025-12-13 07:11:43
66e95d10-2b9f-47f9-bd3c-0780db0d8ff9,548b8c79-61b4-4939-85c8-fc059d6d8625,Ryu_Less,BUY,SUGAR_CANE,Sugar Cane,1,0.78085,0.78085,2025-12-13 07:11:43
0337952f-4d1b-4c17-b718-567ca7389690,16436ed8-c851-4ca5-a23b-d81818780942,Ryu_Less,BUY,SUGAR_CANE,Sugar Cane,1,0.78175,0.78175,2025-12-13 07:11:43
bf90e68b-57f3-4ad8-a4c5-96d6603ecc75,97131fb9-779a-4b82-8f01-8bc984c6134e,Ryu_Less,BUY,SUGAR_CANE,Sugar Cane,1,0.7826500000000001,0.7826500000000001,2025-12-13 07:11:43
5a1d88d3-3ab8-4491-957a-a2e337ce2849,6e637cb0-841f-4036-a51a-48d92a414b46,Ryu_Less,BUY,SUGAR_CANE,Sugar Cane,1,0.78355,0.78355,2025-12-13 07:11:43
c5291d7c-23ca-445d-a7a2-0790447bc31b,f94bbc41-4185-4e46-bc3f-9edb0a2ba7a9,Ryu_Less,BUY,SUGAR_CANE,Sugar Cane,1,0.78445,0.78445,2025-12-13 07:11:43
753d8289-aeee-455e-b5ca-19abe4b589b3,7fe554b2-92d6-429b-9997-9ec271bfc24e,Ryu_Less,BUY,SUGAR_CANE,Sugar Cane,1,0.78535,0.78535,2025-12-13 07:11:44
e1380fcc-99f2-42da-8a7b-dc876538e1d9,85795e64-41a3-4c3a-831a-ed4bcd6a4665,Ryu_Less,BUY,SUGAR_CANE,Sugar Cane,1,0.78625,0.78625,2025-12-13 07:11:44
d64d89fe-f78b-45b3-84be-6a78aa201422,2516130d-bb54-48cd-905a-b4961f4c9995,Ryu_Less,BUY,SUGAR_CANE,Sugar Cane,1,0.78715,0.78715,2025-12-13 07:11:44
e3ed46da-d45e-48e2-b298-9e2ab6461e59,e0be1b8a-89dc-4e31-a649-18a75ae18b23,Ryu_Less,BUY,SUGAR_CANE,Sugar Cane,1,0.7880499999999999,0.7880499999999999,2025-12-13 07:11:44
7729f1c8-a639-44bd-8880-2539cde49976,d078a518-8fe9-419f-8430-21b557618b0d,Ryu_Less,BUY,SUGAR_CANE,Sugar Cane,1,0.78895,0.78895,2025-12-13 07:11:44
27e515bc-7a1f-4369-9d52-eabf4faaa378,18d28d50-4dfd-491d-afcb-f5b444215542,Ryu_Less,BUY,SUGAR_CANE,Sugar Cane,1,0.7898499999999999,0.7898499999999999,2025-12-13 07:11:44
4ed30052-98c9-4820-87a5-ae44769d9823,42ace02b-bf1f-4510-99b3-ed4b2b7c45e7,Ryu_Less,BUY,SUGAR_CANE,Sugar Cane,1,0.7907500000000001,0.7907500000000001,2025-12-13 07:11:44
398c1ad1-044b-4085-a79b-4cd10620d459,41fea4dc-a840-4df0-a338-a087a62e8306,Ryu_Less,BUY,SUGAR_CANE,Sugar Cane,1,0.79165,0.79165,2025-12-13 07:11:44
01f44b7e-a09e-4d88-becc-f1192482ff46,60ac25fb-da25-4dfb-b5af-3199df083fb5,Ryu_Less,BUY,SUGAR_CANE,Sugar Cane,1,0.79255,0.79255,2025-12-13 07:11:44
8a454ad8-93af-4c1b-8a91-45800fb69db3,a22481c1-7772-4f69-af0d-9f1e1ccba618,Ryu_Less,BUY,SUGAR_CANE,Sugar Cane,1,0.79345,0.79345,2025-12-13 07:11:44
51b01a43-77dc-4072-8216-5292d50d1c3c,c95056b2-3e61-44bb-a696-bd88f4bdefe2,Ryu_Less,BUY,SUGAR_CANE,Sugar Cane,1,0.79435,0.79435,2025-12-13 07:11:44
b24c1b63-f89d-4304-b94c-b06c5934063c,30359844-7668-4526-ad9e-588c30438c69,Ryu_Less,BUY,SUGAR_CANE,Sugar Cane,1,0.79525,0.79525,2025-12-13 07:11:44
3b31fac5-ad16-41d9-9fac-1a19a38d2a75,18784f12-5503-4934-b73a-7a9e81bf70a6,Ryu_Less,BUY,SUGAR_CANE,Sugar Cane,1,0.79615,0.79615,2025-12-13 07:11:45
da628a4f-7a87-4c1f-b233-0df13cf8dfd3,ce4b361b-39f3-435f-b8c0-3b6c419f3e18,Ryu_Less,BUY,SUGAR_CANE,Sugar Cane,1,0.79705,0.79705,2025-12-13 07:11:45
8479e91d-0617-4f8a-9a3b-c8b8a41d9a7a,51bf4974-122f-4863-93b1-3185fd5498d0,Ryu_Less,BUY,SUGAR_CANE,Sugar Cane,1,0.7979499999999999,0.7979499999999999,2025-12-13 07:11:45
8ebd3ca9-5297-4293-aa61-3ef9886d4793,ec325d5a-e02e-410f-882b-92137bf29a1f,Ryu_Less,BUY,SUGAR_CANE,Sugar Cane,1,0.7988500000000001,0.7988500000000001,2025-12-13 07:11:45
60617ef7-2c1f-43c6-b0a0-398ef78fb510,17f90794-78b1-460f-8673-a4f8d76c4776,Ryu_Less,BUY,SUGAR_CANE,Sugar Cane,1,0.79975,0.79975,2025-12-13 07:11:45
782dc17d-bf37-4dbb-bf6b-0a685d51d03a,30253efb-12b8-4dda-ad47-d6eef3366154,Ryu_Less,BUY,SUGAR_CANE,Sugar Cane,1,0.80065,0.80065,2025-12-13 07:11:45
4bb9e421-c123-4a26-8c1a-3a6aed903d5e,cbd5ea12-8fc0-4db6-8f77-efd6e5f0c7d2,Ryu_Less,BUY,SUGAR_CANE,Sugar Cane,1,0.80155,0.80155,2025-12-13 07:11:45
e27f5327-43e3-4a85-ae64-04c6b526bc03,5a8c044b-db75-426b-9859-34a22a9e5f18,Ryu_Less,BUY,SUGAR_CANE,Sugar Cane,1,0.80245,0.80245,2025-12-13 07:11:45
9b9ebb71-ffa0-4c93-8e20-815724ac2fc3,690ec3fe-eeaa-4841-b0b5-0ff4e7551705,Ryu_Less,BUY,SUGAR_CANE,Sugar Cane,1,0.80335,0.80335,2025-12-13 07:11:45
a4ff4f49-9bf6-411f-bf51-cf5e05d158b0,3b8ba830-6e59-4311-8efe-f2dc2a991965,Ryu_Less,BUY,SUGAR_CANE,Sugar Cane,1,0.80425,0.80425,2025-12-13 07:11:45
a3602491-5de2-4eb1-800f-ef187ab306c0,06b9af66-9ffa-4fc5-9e0a-b0a94faebd4b,Ryu_Less,BUY,SUGAR_CANE,Sugar Cane,1,0.80515,0.80515,2025-12-13 07:11:45
83b80106-68ad-4e39-8469-104aecc24cdb,0a80cd72-de1a-4970-8b69-eed3ba00a1cc,Ryu_Less,BUY,SUGAR_CANE,Sugar Cane,1,0.8060499999999999,0.8060499999999999,2025-12-13 07:11:46
35e17360-5562-48ea-80f1-a9b421347102,4ad7a533-7c84-4231-a775-265172b83b9a,Ryu_Less,BUY,SUGAR_CANE,Sugar Cane,1,0.8069500000000001,0.8069500000000001,2025-12-13 07:11:46
38b57669-a90c-470a-ac02-f9a934f0eab7,5497e9a4-3411-415f-96f9-188f253c8fc2,Ryu_Less,BUY,SUGAR_CANE,Sugar Cane,1,0.80785,0.80785,2025-12-13 07:11:46
f9dc4c3b-d214-4496-befc-f94595709f31,cfa45c7a-2675-4d14-9a0e-ea2b2209e477,Ryu_Less,BUY,SUGAR_CANE,Sugar Cane,1,0.80875,0.80875,2025-12-13 07:11:46
4ddcf8c8-2759-475b-88d3-063e16e339d3,61bac726-37ec-4b24-9212-19e674d916a7,Ryu_Less,BUY,SUGAR_CANE,Sugar Cane,1,0.80965,0.80965,2025-12-13 07:11:46
cfc4e2b9-fa80-4051-8881-cdf6e49773c8,12c5d96d-ee83-490e-9922-3922e9e4b713,Ryu_Less,BUY,SUGAR_CANE,Sugar Cane,1,0.81055,0.81055,2025-12-13 07:11:46
81880a8a-096f-49f3-a2ff-5f327a50f191,67190faa-34a6-4791-a749-9c5dfe8634e1,Ryu_Less,BUY,SUGAR_CANE,Sugar Cane,1,0.81145,0.81145,2025-12-13 07:11:46
9f08eb2f-96ec-4f72-975a-e3afd3613662,d2336d8c-449a-4eed-a4bf-39ceef95fc07,Ryu_Less,BUY,SUGAR_CANE,Sugar Cane,1,0.81235,0.81235,2025-12-13 07:11:46
8afd10eb-64c8-41b1-a039-dd229a12496d,8c2ffb00-1475-4e3c-8728-bc3fe0ce8e9f,Ryu_Less,BUY,SUGAR_CANE,Sugar Cane,1,0.81325,0.81325,2025-12-13 07:11:46
41d37cd2-448b-4e46-96fb-693e2c8ef33a,aad98e22-d886-48a6-ad4f-e85d9526b514,Ryu_Less,BUY,SUGAR_CANE,Sugar Cane,1,0.81415,0.81415,2025-12-13 07:11:46
8f2edc04-f919-44f2-955b-fd923163e3f3,cb4c5f60-9e07-4f0b-bcb8-635e07e45ead,Ryu_Less,BUY,SUGAR_CANE,Sugar Cane,1,0.81505,0.81505,2025-12-13 07:11:46
29365fba-d9f8-444e-8706-d935ddbacedb,5cb71112-49c8-4f7d-8b08-bf81af64be69,Ryu_Less,BUY,SUGAR_CANE,Sugar Cane,1,0.81595,0.81595,2025-12-13 07:11:47
439a6096-e4f6-414d-aeb4-9cfe21e72a94,4f104593-a2a0-4b95-b7f4-d25fc06fcd61,Ryu_Less,BUY,SUGAR_CANE,Sugar Cane,1,0.81685,0.81685,2025-12-13 07:11:47
3fd18aac-2234-4f99-8b5d-8a71c5a8eaca,32fe4ecd-9bdf-4404-bfe6-4a5417b84f72,Ryu_Less,BUY,SUGAR_CANE,Sugar Cane,1,0.81775,0.81775,2025-12-13 07:11:47
0dfaa56b-25e7-4c31-8030-96bf5a5ea419,444b24d9-8efb-4952-987c-84a3aa1fb281,Ryu_Less,BUY,SUGAR_CANE,Sugar Cane,1,0.81865,0.81865,2025-12-13 07:11:47
da3041e4-6cfc-4349-8610-c4338152e58d,090f54fc-a4c2-44d9-b4bc-c51cb68a7c19,Ryu_Less,BUY,SUGAR_CANE,Sugar Cane,1,0.81955,0.81955,2025-12-13 07:11:47
ceeb2ee2-15c5-4ff6-a4f1-20d17023599a,64cebc8b-3689-4ac1-a954-6f201a52b8a7,Ryu_Less,BUY,SUGAR_CANE,Sugar Cane,1,0.82045,0.82045,2025-12-13 07:11:47
4bbf9a77-8b97-4b4e-89f8-3c86e4b8c8f9,2707244a-a14c-46f3-a72d-0fdeca251ee0,Ryu_Less,BUY,SUGAR_CANE,Sugar Cane,1,0.82135,0.82135,2025-12-13 07:11:47
2a431f09-bd91-4032-b173-55567bd994d9,8b881fd5-4c04-405f-bab3-ad6791dbe531,Ryu_Less,BUY,SUGAR_CANE,Sugar Cane,1,0.82225,0.82225,2025-12-13 07:11:48
cd8f6078-0ffd-4f4d-a8fc-1af9ec025229,81e7ea18-9ecb-4c1a-bc14-947b81ef12ab,Ryu_Less,BUY,SUGAR_CANE,Sugar Cane,1,0.82315,0.82315,2025-12-13 07:11:48
18497b49-63d8-4803-81d9-8f548b08cba0,b82a743c-af07-479f-9d7f-a7da1f3cd5df,Ryu_Less,BUY,SUGAR_CANE,Sugar Cane,1,0.82405,0.82405,2025-12-13 07:11:48
24904220-aff6-4307-a631-7db1a96e7576,7255a017-4864-4b8e-ad95-f0a80c34e2a2,Ryu_Less,BUY,LEATHER,Leather,1,1.9883,1.9883,2025-12-13 07:15:14
294a7a92-803a-4a4f-a866-722c57cde4cd,f40e2c00-5151-4654-89e8-a2a20e38231f,Ryu_Less,BUY,LEATHER,Leather,1,1.9901,1.9901,2025-12-13 07:15:14
f795d42d-6a2a-4ba3-996e-32bdf63b6525,2f5365a5-3f51-4344-a105-a294f9e9fc8e,Ryu_Less,BUY,LEATHER,Leather,1,1.9919,1.9919,2025-12-13 07:15:14
49242eae-6bc6-4fc1-a225-45ceeac86856,37b63807-c4eb-4e2b-b0aa-280f98669ac6,Ryu_Less,BUY,LEATHER,Leather,1,1.9937,1.9937,2025-12-13 07:15:15
55feeeed-bbca-42fa-a6b0-27e4d99ae37c,d93c3aa9-2359-4f34-a7db-817aca45351a,Ryu_Less,BUY,LEATHER,Leather,1,1.9955,1.9955,2025-12-13 07:15:15
2fff7e72-ccff-461b-a6f2-7935966c4b8e,a4b82d4c-8fb9-46c2-8471-ac7130fd4540,Ryu_Less,BUY,LEATHER,Leather,1,1.9973,1.9973,2025-12-13 07:15:15
0a2b3a09-01c8-430a-a5e8-46be0edd00a9,5a950c88-b13e-420e-936d-39a52ca033d1,Ryu_Less,BUY,LEATHER,Leather,1,1.9991,1.9991,2025-12-13 07:15:15
81b33c45-b7f8-4264-9c5c-e6e0cb785866,3ec51c6b-a4e4-40d7-b20c-c290aad6ba58,Ryu_Less,SELL,AMETHYST_SHARD,Amethyst Shard,20,123.872,6.1936,2025-12-13 07:40:19
27f04c6c-8b98-4798-9349-324a92c050aa,b5077bee-ed30-461f-a22b-56d6682ca28c,Xitsongalo,BUY,AMETHYST_CLUSTER,Amethyst Cluster,1,10.247967157143936,10.247967157143936,2025-12-13 07:42:58
a64d2a34-d69c-4468-b71b-1339e3b40c28,f13d2e58-ca20-443c-bfd5-66a2696211a8,Xitsongalo,SELL,AMETHYST_CLUSTER,Amethyst Cluster,1,7.173577010000755,7.173577010000755,2025-12-13 07:43:03
3e6cb805-24bd-48b9-aff8-1bbfac5a562d,a5f7632f-6d68-42f7-8249-a9544fb0f78e,Xitsongalo,BUY,AMETHYST_SHARD,Amethyst Shard,1,8.7625,8.7625,2025-12-13 07:43:09
17735ca8-efef-4b96-b23b-ab0b2ebbfd25,980f11c3-f938-42d0-a997-69423b4c688b,Xitsongalo,SELL,AMETHYST_SHARD,Amethyst Shard,1,6.133749999999999,6.133749999999999,2025-12-13 07:43:11
3589eab1-6ff4-4e28-9aeb-37177a88c77c,491d8efd-4315-4fce-add2-4df8872b6479,Xitsongalo,SELL,AMETHYST_SHARD,Amethyst Shard,1,6.127449999999999,6.127449999999999,2025-12-13 07:43:36
e9690762-1739-446d-9cf9-6fe1fa9503a9,22c48f5b-fe70-4b8d-a341-169102172cd8,Xitsongalo,SELL,AMETHYST_SHARD,Amethyst Shard,64,379.0528,5.9227,2025-12-13 07:43:37
088b9a78-e01f-40b0-ba49-21cc5b5cb5fa,f2db3c1c-90ba-4b4f-9a26-4c68ad944745,Xitsongalo,SELL,AMETHYST_SHARD,Amethyst Shard,9,51.23474999999999,5.692749999999999,2025-12-13 07:43:38
1bd4c7b2-58f5-404a-8407-915d82a593c0,085b1bff-206a-4449-b6ad-685b61529bcb,Xitsongalo,BUY,AMETHYST_SHARD,Amethyst Shard,1,8.096499999999999,8.096499999999999,2025-12-13 07:43:45
b195718d-3cf5-4137-8967-1101dd5bf398,cf363ecb-ef9b-449a-9cf0-c397fde6e75b,Xitsongalo,BUY,AMETHYST_SHARD,Amethyst Shard,1,8.1055,8.1055,2025-12-13 07:43:45
a5132479-a14c-4f5a-9226-a626f03a48a6,09663ebb-1a56-4518-86f3-c5e73ff3fdb7,Xitsongalo,SELL,AMETHYST_SHARD,Amethyst Shard,1,5.673849999999999,5.673849999999999,2025-12-13 07:43:54
bbd42ae9-6e77-47cf-9dec-bfb7b326e38f,e1f9777c-ca1c-49ba-8957-10f637cc8415,Xitsongalo,SELL,AMETHYST_SHARD,Amethyst Shard,1,5.6675499999999985,5.6675499999999985,2025-12-13 07:43:54
890a8f94-31cf-4ecc-be9b-fa2de3584041,35bbe247-625c-4748-b7ef-65eb9bd6a01e,Xitsongalo,SELL,CALCITE,Calcite,1,1.39937,1.39937,2025-12-13 07:44:46
8f8a22ab-8b78-47d8-b319-f457b4b845c2,4780feb5-206c-4181-be03-9af4a720f745,Xitsongalo,SELL,CALCITE,Calcite,1,1.39811,1.39811,2025-12-13 07:44:47
06bc8baa-d4a0-4d1e-993b-e09004bb3d56,6430cadf-adff-4008-b3ff-a1b3af3cd7ae,Xitsongalo,SELL,CALCITE,Calcite,1,1.39685,1.39685,2025-12-13 07:44:48
e32b8669-b4cd-4da1-852f-edbf2094c03a,eabddc11-a918-4c59-8669-c3595e48fce5,Xitsongalo,SELL,CALCITE,Calcite,1,1.3955899999999999,1.3955899999999999,2025-12-13 07:46:07
691612ec-c5a0-49cb-ab8d-01ce0cbcd304,663cd3ee-e846-4527-8a78-28173d8e61ba,Xitsongalo,SELL,CALCITE,Calcite,1,1.3943299999999998,1.3943299999999998,2025-12-13 07:46:08
13970617-e3a3-48f0-96ab-e5f2d94a63c1,4ce8c37c-1e88-470b-9d4b-c17c856d9a2e,Xitsongalo,SELL,CALCITE,Calcite,1,1.3930699999999998,1.3930699999999998,2025-12-13 07:46:11
76dd9984-b91b-420f-a2f7-cddc15894a21,c471797b-d2ad-404a-9f72-9066a2a7f16f,Xitsongalo,SELL,CALCITE,Calcite,1,1.39181,1.39181,2025-12-13 07:46:12
0d6d46c2-543f-4f63-a5ca-4548385b53f5,c4f9a899-6477-44c9-baef-eecd7a541fee,Xitsongalo,SELL,CALCITE,Calcite,1,1.39055,1.39055,2025-12-13 07:46:13
1383b2bf-8a2e-42be-bbe2-a2f5495f67c9,915c9e47-c45b-4536-b18f-2fef5cc43239,Xitsongalo,SELL,CALCITE,Calcite,1,1.38929,1.38929,2025-12-13 07:46:13
6e37e1d5-1f89-4bbd-9919-9d13966be61d,1453eb40-1e87-43d3-9bd4-9d110ed20085,Xitsongalo,SELL,CALCITE,Calcite,1,1.38803,1.38803,2025-12-13 07:46:13
608a1c03-5589-4728-b6fc-f1915627f654,3622f79b-47ca-4b0b-8b90-7e9824d2c325,Xitsongalo,SELL,CALCITE,Calcite,1,1.38677,1.38677,2025-12-13 07:46:14
c6d45da9-c764-4ac1-8ab4-9d7f40d32839,f40e4e69-b086-49d7-abd8-df3dea9dad23,Xitsongalo,SELL,CALCITE,Calcite,56,75.64815999999999,1.3508599999999997,2025-12-13 07:46:15
bc3c88f5-51b0-4d8e-b4da-bffeb26489a2,4a21ec6e-7681-4595-842b-bdf78309b1be,Xitsongalo,SELL,CALCITE,Calcite,64,81.61664,1.27526,2025-12-13 07:46:15
4f6f80c1-1253-4f4e-81b4-71fb011cbd79,0e7f77fd-f029-4477-a9f8-e6409ae8abad,Xitsongalo,SELL,CALCITE,Calcite,64,76.45567999999999,1.1946199999999998,2025-12-13 07:46:16
dca79da1-2e8f-4e50-bfd5-4c9e7b7bbdb1,37cfb6e4-8af6-4e50-bb6a-fe9efab25dc2,Xitsongalo,SELL,CALCITE,Calcite,1,1.1536699999999998,1.1536699999999998,2025-12-13 07:46:17
74d07de5-3105-49b1-8442-62d57894b39e,b1f1114b-b6e5-4cc6-847f-e7699098b365,Xitsongalo,SELL,CALCITE,Calcite,64,71.21408,1.11272,2025-12-13 07:46:17
1d1ddd8a-e68c-4c0f-b432-aa841b5a2aca,97c9b53a-cc19-4d9b-95ce-96821bf22968,Xitsongalo,SELL,CALCITE,Calcite,63,65.06072999999999,1.0327099999999998,2025-12-13 07:46:17
9efe436a-a516-4349-b12a-5d6db9e800a7,64ee1b09-4cdb-4ecf-98ae-614b77109a9a,Xitsongalo,SELL,CALCITE,Calcite,64,60.97279999999999,0.9526999999999999,2025-12-13 07:46:18
60845eeb-8e4d-49ba-89df-72e77ec8a5cf,bbec515f-2b53-4325-a624-b07e8e50d1ad,Xitsongalo,SELL,CALCITE,Calcite,1,0.91175,0.91175,2025-12-13 07:46:19
495a6c3c-7200-43cd-8214-756c4a5cd2d3,ae3aaaa2-39ed-4fc5-951f-6f43c598f747,Xitsongalo,SELL,AMETHYST_BLOCK,Amethyst Block,64,652.6464,10.1976,2025-12-13 07:46:20
fdd5021f-d6aa-4c4d-bbb7-f448c6e9e227,0b86eaf9-43c7-49a6-bd57-55c5293bfc84,Xitsongalo,SELL,AMETHYST_BLOCK,Amethyst Block,64,613.9391999999999,9.592799999999999,2025-12-13 07:46:20
e1361bbd-4710-4a62-abce-f25f2dd0baa0,508b02a9-bfbc-4e97-8f48-9fb915ca871e,Xitsongalo,SELL,AMETHYST_BLOCK,Amethyst Block,2,18.561899999999998,9.280949999999999,2025-12-13 07:46:22
f29af2d8-ed8f-4702-84c6-fdd04a15c0df,6e8306b9-60c3-4e89-9460-9511d2d0ab0d,Xitsongalo,SELL,AMETHYST_BLOCK,Amethyst Block,64,574.0224,8.9691,2025-12-13 07:46:23
9694e40d-a5b0-4ce9-811a-ad330dc89423,873f4b83-77e4-4b76-8381-afba8572fd9d,Xitsongalo,SELL,AMETHYST_BLOCK,Amethyst Block,2,17.3145,8.65725,2025-12-13 07:46:23
de01f47b-b611-4961-88eb-e36c58f6ee63,83258d7a-875a-46be-b76c-d3ed466c3379,Xitsongalo,SELL,AMETHYST_BLOCK,Amethyst Block,64,534.1055999999999,8.345399999999998,2025-12-13 07:46:24
0b984eb0-9dfe-4880-8d7a-7e2544ebabea,d7aa86f2-7413-48b3-ab0c-15b5daf66aff,Xitsongalo,SELL,AMETHYST_BLOCK,Amethyst Block,64,495.3984,7.7406,2025-12-13 07:46:24
4353d9e7-d31c-489c-a752-67df56fe45ed,69da9809-c118-4096-9f70-add36795be73,Xitsongalo,SELL,AMETHYST_BLOCK,Amethyst Block,64,456.6911999999999,7.135799999999999,2025-12-13 07:46:25
1fe8093c-d7f8-45bd-b3cd-f9ddcb49f51d,6a62ebec-f19d-4f34-a447-e62612bacb54,Xitsongalo,SELL,AMETHYST_BLOCK,Amethyst Block,60,392.99399999999997,6.549899999999999,2025-12-13 07:46:26
d3519c93-e474-404b-80e8-eefc52c17c57,96ad2b02-5a45-42a5-ae45-802acbff4e15,Xitsongalo,SELL,AMETHYST_BLOCK,Amethyst Block,2,12.513899999999998,6.256949999999999,2025-12-13 07:46:27
96754cbd-14a2-4751-b881-b338185a2372,d0acc878-6959-408d-ade9-8cc728b60470,Xitsongalo,SELL,AMETHYST_BLOCK,Amethyst Block,33,201.021975,6.091575,2025-12-13 07:53:19
80de3cfc-de1c-4e09-9521-0ef7bb728f3d,5ba9eef8-5257-4a36-be32-1f0d0bb9e02b,Xitsongalo,SELL,AMETHYST_BLOCK,Amethyst Block,33,116.34052499999999,3.525470454545454,2025-12-13 07:53:21
08152836-bfdd-407a-a19f-b64133303559,5de0da7a-2a68-417d-b54e-5b8ff91d81de,Xitsongalo,SELL,AMETHYST_BLOCK,Amethyst Block,33,34.649999999999984,1.0499999999999996,2025-12-13 07:53:22
b738748b-e175-4858-8547-25b4e8cdb3c8,e2b99144-8105-4b7f-af3d-1203152a9c1d,Xitsongalo,SELL,AMETHYST_BLOCK,Amethyst Block,33,34.649999999999984,1.0499999999999996,2025-12-13 07:53:23
9814738d-390f-4cc9-9f3e-f44fe3e5fb4a,2fd1b7de-7111-4706-887c-367e9c56eef4,Xitsongalo,SELL,AMETHYST_BLOCK,Amethyst Block,29,30.44999999999999,1.0499999999999996,2025-12-13 07:53:23
e6c8910d-eb89-4f36-9e58-a8ecb0bd0f2c,9a3a8041-e8af-44e1-9505-c4baf1772dde,Xitsongalo,SELL,CALCITE,Calcite,64,55.731199999999994,0.8707999999999999,2025-12-13 07:53:24
2e15e571-dbb3-4390-95df-3865ff53ea29,eb426bce-2712-4f3d-a9ca-bcff3c48de16,Xitsongalo,SELL,CALCITE,Calcite,64,40.65152,0.63518,2025-12-13 07:53:24
372aba67-5c44-44f9-bb20-011444947f23,df59ff1a-58d4-4d66-8f38-2ef229ea2cc8,Xitsongalo,SELL,CALCITE,Calcite,44,6.1599999999999975,0.13999999999999993,2025-12-13 07:53:26
5cb11e6e-9b08-4806-bafa-91ec1296af7e,46261afb-67b5-478e-b136-248fd79518db,Xitsongalo,SELL,AMETHYST_SHARD,Amethyst Shard,60,328.524,5.4754,2025-12-13 07:54:16
39f8e05b-297b-4fa9-8750-16cc302ffbb8,4b4940e7-7e48-4552-9688-8f55d5aadc35,Xitsongalo,BUY,TURTLE_HELMET,Turtle Helmet,1,46.115852207147704,46.115852207147704,2025-12-13 07:54:37
77b8c8cc-9c61-4a0f-a0e8-f25f497cd42a,62f19984-bf9b-4736-996a-f947efa042b6,Xitsongalo,BUY,SPRUCE_SAPLING,Spruce Sapling,64,724.6258826681643,11.322279416690067,2025-12-13 07:56:16
6dc0567f-119e-4045-85ab-ce6044fdd417,45b3c135-d723-4c61-b592-89b5fd9b39d3,Xitsongalo,BUY,LEATHER,Leather,64,889.7148664573143,13.901794788395536,2025-12-13 08:02:08
136aecc3-5567-4f54-b332-42ae3f128705,87ab2753-c1b1-41b8-877b-aefe48b3e89f,Ryu_Less,BUY,EXPERIENCE_BOTTLE,Experience Bottle,1,31.79592121459702,31.79592121459702,2025-12-13 08:21:27
7c6ff52b-8681-4bed-a579-430a2f52ab74,6202e69b-7c5a-4960-889d-4a9e87746fee,Ryu_Less,BUY,EXPERIENCE_BOTTLE,Experience Bottle,1,33.38571727532692,33.38571727532692,2025-12-13 08:21:29
7ae300ad-d6c5-4df1-bba4-8f19f2d04cc2,776c5ca5-bd85-4782-a9d4-6f7af60087c5,Maul_FZC,BUY,ENCHANTING_TABLE,Enchanting Table,1,51.23983578571968,51.23983578571968,2025-12-13 08:25:05
82b36140-1cdf-4fc4-9f6f-87345ed80a9e,93aa9f56-9575-485a-85ee-a42da8e0052e,Maul_FZC,BUY,RED_STAINED_GLASS,Red Stained Glass,1,2.561991789285984,2.561991789285984,2025-12-13 08:25:37
8945064f-6ce0-4e27-8b4c-8d779daf6823,a3e4245b-6899-4b34-9481-01eb6c07aa53,Maul_FZC,BUY,ANVIL,Anvil,1,56.491918953755984,56.491918953755984,2025-12-13 08:30:03
2ac0e28b-41b0-4625-8544-34b767620c03,d7e227f0-5ea5-46b2-ac05-8fec85a2fc6a,Xitsongalo,SELL,NETHERRACK,Netherrack,41,14.085242499999998,0.3435425,2025-12-13 09:21:23
3b952750-a5c7-4c5c-9d05-19620f65aaba,7de7f342-b5ff-4209-b4e3-f915297b5552,Xitsongalo,SELL,QUARTZ,Quartz,64,174.03903999999997,2.7193599999999996,2025-12-13 09:21:25
7277dd6d-4373-4efb-a45b-e888bdc4bb7a,fa6d974d-8ef4-40c4-95c8-68182e824c46,Ryu_Less,BUY,EXPERIENCE_BOTTLE,Experience Bottle,1,35.05500313909329,35.05500313909329,2025-12-13 09:24:41
26b846b7-61cd-4e49-8792-34591ee09d48,83fcc240-e484-4f2c-88e1-cc000f0de9cc,Ryu_Less,BUY,EXPERIENCE_BOTTLE,Experience Bottle,1,36.80775329604792,36.80775329604792,2025-12-13 09:24:41
fc11683a-2acb-4673-a6fd-e83cd4c39e62,5b3bde0c-b433-408a-a8b5-98ce9ba87c04,Maul_FZC,SELL,DIRT,Dirt,64,32.744319999999995,0.5116299999999999,2025-12-13 09:25:39
7ec5e9f3-360f-402e-af91-aacf1fe7bbc2,01febc36-2b44-4246-88d7-7458162c01a2,Maul_FZC,SELL,DIRT,Dirt,64,30.163839999999997,0.47130999999999995,2025-12-13 09:25:40
3c591e4d-8ca6-4320-8d16-e3ef1b8bddd5,ab5fab4d-23e9-490e-a1b8-8721bffc7d49,Maul_FZC,SELL,DIRT,Dirt,52,22.608040000000003,0.43477000000000005,2025-12-13 09:25:40
493ca82b-15ea-44d8-8b72-f9f6f14beac5,e3933761-6d96-44e3-a2e7-17317dd1e39b,Ryu_Less,SELL,NETHER_BRICK,Nether Brick,37,50.844289999999994,1.37417,2025-12-13 09:27:33
d1fd6ff4-62c9-4b11-b77e-11d162e28e0d,fe7d7f88-476b-4600-9b4d-c4bda1063f6a,Xitsongalo,BUY,BOW,Bow,1,8.198373725715149,8.198373725715149,2025-12-13 09:29:06
5f1420fd-ac30-4e53-a198-6e1152950c94,b5399996-0bd8-4473-a178-808dce41364d,Ryu_Less,SELL,ROTTEN_FLESH,Rotten Flesh,64,43.50975999999999,0.6798399999999999,2025-12-13 09:29:15
03db287e-7b7c-4148-b30e-5bbca7b75e70,23b8ffe9-5d33-497f-a461-7c95eb4ac752,Maul_FZC,SELL,WHEAT_SEEDS,Wheat Seeds,64,15.12224,0.236285,2025-12-13 09:44:01
e2ca49af-3916-46f6-8bb9-e918007eef0f,7d7eca2f-8813-4ce8-8e78-45123857d7f3,Maul_FZC,SELL,WHEAT_SEEDS,Wheat Seeds,64,13.831999999999997,0.21612499999999996,2025-12-13 09:44:02
897c0774-691f-4c00-9c13-ef9bbf86d70d,92e37809-5d8c-44b6-8adb-74acebd4da2d,Maul_FZC,SELL,WHEAT_SEEDS,Wheat Seeds,64,9.3037175,0.1453705859375,2025-12-13 09:44:02
f7226e88-f038-4d01-8fc5-2e3aa955a6eb,a96a86bd-f7ce-4b4c-aaf8-cbd0982e2f2e,Maul_FZC,SELL,WHEAT_SEEDS,Wheat Seeds,64,2.2399999999999993,0.03499999999999999,2025-12-13 09:44:02
e0203d79-cc40-42cc-93dc-c84b4f2335ef,a7bb870c-5161-4e63-a8ec-4b8b36f9a0bd,Maul_FZC,SELL,WHEAT_SEEDS,Wheat Seeds,64,2.2399999999999993,0.03499999999999999,2025-12-13 09:44:02
77f8d330-d3fa-409a-aced-74652832d0a9,fc3ac874-68ab-4e2e-9098-0e6c0d3ab82c,Maul_FZC,SELL,WHEAT_SEEDS,Wheat Seeds,64,2.2399999999999993,0.03499999999999999,2025-12-13 09:44:02
5fdeead7-c9aa-4b85-9ba2-6dcbc2e7d1f4,6a0f8e53-d7ce-4d4f-96b7-b5abc160906f,Maul_FZC,SELL,WHEAT_SEEDS,Wheat Seeds,64,2.2399999999999993,0.03499999999999999,2025-12-13 09:44:03
853a4ced-82d6-4738-9408-ef5dc4b0ea2d,cd84c691-ef7d-4f18-9470-89db9b77fe92,Maul_FZC,SELL,WHEAT_SEEDS,Wheat Seeds,64,2.2399999999999993,0.03499999999999999,2025-12-13 09:44:03
627cd86f-b218-40d9-85e6-26ea40a89e8c,4ae6be53-b0b2-4304-b39a-7f4f0e2f8eb9,Maul_FZC,SELL,WHEAT_SEEDS,Wheat Seeds,64,2.2399999999999993,0.03499999999999999,2025-12-13 09:44:03
09ae6391-28bc-412e-91ee-3a3ff0278e4d,53981124-2640-481a-82c7-4d075162dd34,Ryu_Less,SELL,QUARTZ_BLOCK,Quartz Block,16,88.95488,5.55968,2025-12-13 09:59:58
d3c25257-c2b0-47d3-8514-745eff306ae4,825998fe-89f7-4a1d-b5b6-046e0007541b,Ryu_Less,BUY,LEATHER,Leather,1,46.53533675429467,46.53533675429467,2025-12-13 10:06:06
b12b8533-ddd8-4fcf-ba25-d735a867840e,1ee3f609-7d51-420f-b8a8-5f958604bf47,Ryu_Less,BUY,LEATHER,Leather,1,48.862103592009255,48.862103592009255,2025-12-13 10:06:08
e5e9314f-392e-4428-a7cc-ad6ae6e3beb2,d999db36-bf6c-4695-b8f8-63aadb62e65d,Ryu_Less,BUY,LEATHER,Leather,1,51.30520877160967,51.30520877160967,2025-12-13 10:06:10
998c9eb2-1af7-4b06-ae5e-f13a30f9807d,7f272488-d957-452f-b122-467d10aa906a,Ryu_Less,BUY,LEATHER,Leather,1,53.87046921019026,53.87046921019026,2025-12-13 10:06:10
6b2525a4-24c0-4841-89fa-8ba1f7d1cdfb,36a11e57-e612-46a2-8d6c-554cda5f7ac0,Ryu_Less,BUY,LEATHER,Leather,1,56.56399267069978,56.56399267069978,2025-12-13 10:06:10
1be71ced-1ea2-4e15-a977-67b290e60d9f,bf0d66f5-8a99-412f-b1b2-4492778bcae9,Ryu_Less,BUY,LEATHER,Leather,1,59.392192304234776,59.392192304234776,2025-12-13 10:06:11
7a4b5489-b241-4282-abeb-26a5581cb62c,7daa0ea1-2970-4c57-b15f-2fc20035300e,Ryu_Less,BUY,LEATHER,Leather,1,62.361801919446464,62.361801919446464,2025-12-13 10:06:11
378414ac-3906-4a26-b4ac-71feb740ff83,9496b540-2cf4-4d17-ae5d-9c2bb194aeee,Ryu_Less,BUY,LEATHER,Leather,1,65.4798920154186,65.4798920154186,2025-12-13 10:06:12
3e2144a9-b09b-4e25-ae02-efc4cbd41be7,6b20ad7d-1851-48b6-a5de-a034c4a8934b,Ryu_Less,BUY,LEATHER,Leather,1,68.75388661619,68.75388661619,2025-12-13 10:06:12
d24b033c-6b05-42b3-8cf9-a02988c6f7d6,8a8e45e0-2906-4230-ad46-a75bee3d2763,Ryu_Less,BUY,LEATHER,Leather,1,72.191580946999,72.191580946999,2025-12-13 10:06:16
e1e009dd-f5a7-4903-aeb1-3f45e66d2a51,94875a23-264f-455e-9217-dfbea75bf870,Maul_FZC,BUY,BLAST_FURNACE,Blast Furnace,1,12.297560588572722,12.297560588572722,2025-12-13 12:44:23
28a33009-1c52-436a-9671-4129a3716122,cbc9ceab-fc6c-4350-9e5b-dd337adaff61,Maul_FZC,SELL,LEATHER,Leather,2,98.6618272942323,49.33091364711615,2025-12-13 13:10:54
eab660ce-b745-4072-850f-893afbc6f935,565ef1a8-b026-422c-9159-ef1f36834e85,Maul_FZC,SELL,LEATHER,Leather,1,45.83592441079302,45.83592441079302,2025-12-13 13:11:23
0aed6d1c-c6ac-42f7-a1a4-042d40868fe4,de7f1c1e-0dd1-437e-883d-b39c4c1f15c5,Maul_FZC,SELL,LEATHER,Leather,7,265.2237736557394,37.88911052224849,2025-12-13 13:11:24
2b197370-e7f1-47bb-a81c-51947bce72aa,f5acc410-570f-4c18-98bb-96fd6c25b309,Xitsongalo,SELL,AMETHYST_SHARD,Amethyst Shard,1,5.28325,5.28325,2025-12-13 13:39:29
8363de42-ba90-4cbd-9439-acb6658ad82b,e419a97d-bcb4-43d9-9b62-c528b2f49dde,Xitsongalo,SELL,AMETHYST_SHARD,Amethyst Shard,1,5.276949999999999,5.276949999999999,2025-12-13 13:39:30
019b62a1-b1da-430b-b993-ebf26b066e71,0d1e0384-757e-4ba7-bdaf-d2aced959182,Xitsongalo,SELL,AMETHYST_SHARD,Amethyst Shard,50,255.81500000000003,5.116300000000001,2025-12-13 13:39:40
f281478a-496f-4b58-93a2-a34089e94227,44f72181-c218-41bb-8068-2c85cdd29f28,Xitsongalo,SELL,DIAMOND,Diamond,2,139.874,69.937,2025-12-13 13:39:45
4f51fe78-06d6-4f78-a346-019ba613b3a2,7051e921-89fd-4b40-bf11-4b57569a3c20,Xitsongalo,SELL,ROTTEN_FLESH,Rotten Flesh,1,0.659365,0.659365,2025-12-13 13:39:46
928f61b6-b3aa-4539-ae40-fb4f35804701,9812599d-629f-4c63-8fc6-c0d569703652,Xitsongalo,SELL,CALCITE,Calcite,64,8.959999999999997,0.13999999999999996,2025-12-13 13:39:46
57b062d9-bf60-4644-a159-6856f9803ab7,efd4a224-f3e2-4fbd-be7e-d6775a144994,Xitsongalo,SELL,COBBLED_DEEPSLATE,Cobbled Deepslate,41,42.2557275,1.0306275,2025-12-13 13:39:48
3e761cac-306c-433e-8920-0baadb8ee19e,072d0192-1e0b-491e-989f-15d9dae7dd7c,Xitsongalo,SELL,ARROW,Arrow,1,0.3498425,0.3498425,2025-12-13 13:39:50
2b6c3815-b7c5-4cb8-8e2d-601e0babca3a,6f9c59cd-3e5a-462b-b45c-55da552fd496,Xitsongalo,SELL,BONE,Bone,2,2.7974799999999997,1.3987399999999999,2025-12-13 13:39:51
5b34fcb8-a805-4aca-848e-0a165bf219d3,9d2fb1ae-959e-4594-a17b-55d2241313a5,Xitsongalo,SELL,AMETHYST_BLOCK,Amethyst Block,56,58.799999999999976,1.0499999999999996,2025-12-13 13:39:54
c7b1f24a-d553-4b7c-b0ab-213fb08bc519,a20b4a36-de5a-4609-9beb-ce188e1690d2,Xitsongalo,SELL,CALCITE,Calcite,58,8.119999999999997,0.13999999999999996,2025-12-13 13:39:55
3c340c68-07cc-438c-ba80-8cfb8f7d6226,50227ee1-a368-4eae-b116-9c319457e76f,Xitsongalo,SELL,TUFF,Tuff,20,13.873999999999999,0.6937,2025-12-13 13:39:56
ff534134-ac12-4a1a-8ff6-65055b7b8e70,8da692a0-7a9d-4bdf-bece-6d7428da9a82,Xitsongalo,SELL,RAW_IRON,Raw Iron,46,130.64646986182774,2.840140649170168,2025-12-13 13:39:58
009647de-deb0-43c2-b349-4bb6966082c2,152efbb4-1369-446d-807e-7b625e8018e1,Xitsongalo,SELL,COBBLESTONE,Cobblestone,64,43.50975999999999,0.6798399999999999,2025-12-13 13:43:39
9a11e549-5934-4147-afe4-d486cd5c3362,41c57c4d-33d6-4536-9a82-1fcaca1eded2,Xitsongalo,SELL,COBBLESTONE,Cobblestone,64,40.92928,0.63952,2025-12-13 13:43:40
e205ac92-e101-4b88-8916-9f7e12bf8a4b,67a57495-bb0b-4eca-980f-dcd3119529ec,Xitsongalo,SELL,COBBLED_DEEPSLATE,Cobbled Deepslate,13,13.0664625,1.0051125,2025-12-13 13:43:41
3507b11f-01e3-492f-a36e-24c1fb5545b8,d7622c11-3484-47ff-83bb-dd1ed0b1a945,Xitsongalo,SELL,CALCITE,Calcite,64,8.959999999999997,0.13999999999999996,2025-12-13 13:43:42
89c526d8-ca3a-41cf-9940-78fe5dcb58d6,e95d0c48-3c70-4898-8228-0a863e35f0b4,Xitsongalo,SELL,CALCITE,Calcite,64,8.959999999999997,0.13999999999999996,2025-12-13 13:43:42
8928f7be-c89b-474c-9f4a-e8afc9db659d,937c1e23-4814-4afa-af0e-bca526034343,Xitsongalo,SELL,CALCITE,Calcite,64,8.959999999999997,0.13999999999999996,2025-12-13 13:43:42
c4439bf4-8f7a-44a9-abca-c3c1cd953943,bd896f50-ef67-4c15-9274-16b82a1f7b0a,Xitsongalo,SELL,ANDESITE,Andesite,1,0.699685,0.699685,2025-12-13 13:43:42
6486bd33-ac76-4885-a81c-7d8aed489927,2e5e741e-e438-45c1-bc1c-a5b176e3adf3,Xitsongalo,SELL,AMETHYST_SHARD,Amethyst Shard,6,29.6394,4.9399,2025-12-13 13:43:43
5e986aaa-e4e8-4372-aac9-9b2aa880ddb3,2b029ad0-a5aa-4187-8f41-e381d6b6a4ef,Xitsongalo,SELL,AMETHYST_BLOCK,Amethyst Block,41,43.04999999999998,1.0499999999999996,2025-12-13 13:43:45
dbb7ec26-c40b-4752-92ee-5e6aeeca22a9,73d5b39f-ecfd-41b2-82c8-c140815a9c2b,Xitsongalo,SELL,AMETHYST_BLOCK,Amethyst Block,41,43.04999999999998,1.0499999999999996,2025-12-13 13:43:45
ee34107d-02d0-48e9-9b8f-db5afbbf152c,b7d70592-1cee-4ddf-9d8c-2bac75f78d22,Xitsongalo,SELL,AMETHYST_BLOCK,Amethyst Block,23,24.149999999999995,1.0499999999999998,2025-12-13 13:43:45
42495e19-aca6-4248-8f8c-8e3472c67658,72d53fad-0ed8-427a-ba1a-34c6fdb62ed0,Xitsongalo,SELL,CALCITE,Calcite,1,0.13999999999999996,0.13999999999999996,2025-12-13 13:43:45
28c745e7-e714-411b-8fcc-11185c72156d,93249311-79bd-41c5-a07d-cdd77c31b2a5,Xitsongalo,SELL,COBBLESTONE,Cobblestone,9,5.548725,0.616525,2025-12-13 13:43:46
c3ca555d-bcd3-4b15-b242-1f89c64ed815,e935b6cc-c27c-48f1-936f-16d5a271289a,Xitsongalo,SELL,GRANITE,Granite,25,17.303124999999998,0.6921249999999999,2025-12-13 13:43:49
e6f0f83a-4db0-43a6-92e5-2f01a74cabd3,f3834e13-f8d5-424a-8b33-35233d6600e1,Xitsongalo,SELL,CALCITE,Calcite,64,8.959999999999997,0.13999999999999996,2025-12-13 13:48:25
695b0a1b-0f65-41b0-9972-1e2bb08e3c85,51e59e77-f3bd-4c93-ad17-c7ddacb92573,Xitsongalo,SELL,AMETHYST_BLOCK,Amethyst Block,64,67.19999999999997,1.0499999999999996,2025-12-13 13:48:26
1f68e087-6bb1-488f-a833-678c4debdeb0,a6bb0d87-264c-4c82-85c7-5fc51c1eb97e,Xitsongalo,SELL,AMETHYST_BLOCK,Amethyst Block,64,67.19999999999997,1.0499999999999996,2025-12-13 13:48:28
78c8736e-c626-47a8-9a3c-67da6473cbee,496141c3-1a82-4634-8a3f-901d7bd0f145,Xitsongalo,SELL,CALCITE,Calcite,64,8.959999999999997,0.13999999999999996,2025-12-13 13:48:29
1dd2f621-9d10-48d7-ac11-439a9ca34603,1e45088c-6bc5-4d44-a7b5-bf0a8051461d,Xitsongalo,SELL,AMETHYST_SHARD,Amethyst Shard,14,68.27659999999999,4.876899999999999,2025-12-13 13:48:29
f01c0dda-b176-4b59-875b-f47b5835f51f,956a2724-1491-4a7a-830e-f55efb70498f,Xitsongalo,SELL,ANDESITE,Andesite,1,0.699055,0.699055,2025-12-13 13:48:31
7277e1d1-d7a2-4990-8b2e-eee22e02512e,8ed0d4b5-bff5-4f80-adcb-88c1c91296b3,Xitsongalo,SELL,ANDESITE,Andesite,1,0.698425,0.698425,2025-12-13 13:48:31
baf92225-a4c1-46f5-9e68-8fead2e43aa2,0db68428-004c-4fc7-82f5-e41212ffd00e,Xitsongalo,SELL,ANDESITE,Andesite,1,0.6977949999999999,0.6977949999999999,2025-12-13 13:48:31
4e583327-ebef-4883-8b48-f04a0bd592c0,60ef8c42-a137-411c-a5c0-e972ca18914f,Xitsongalo,SELL,ANDESITE,Andesite,1,0.6971649999999999,0.6971649999999999,2025-12-13 13:48:31
d71abf64-ee4d-4e73-a30a-f23ddf5da160,1627444e-cd76-4043-9453-7223a49a8787,Xitsongalo,SELL,COBBLESTONE,Cobblestone,1,0.6133749999999999,0.6133749999999999,2025-12-13 13:48:31
15f4de88-3fa6-4178-aa6c-f3edcf7c4a25,804cd2b9-adff-443c-87d5-6d66ab2e32ad,Xitsongalo,SELL,COBBLESTONE,Cobblestone,1,0.612745,0.612745,2025-12-13 13:48:32
a09b0cb3-5538-464d-83a0-df91be94d055,00d16da9-38fa-460c-a01a-6a73371ab767,Xitsongalo,SELL,CALCITE,Calcite,1,0.13999999999999996,0.13999999999999996,2025-12-13 13:48:32
c7d0fc73-f3f6-4480-854c-9d1ea478160c,ad5b865d-00b0-46b9-a217-1c9d337deaba,Xitsongalo,SELL,COBBLESTONE,Cobblestone,1,0.612115,0.612115,2025-12-13 13:48:32
72d3dddf-e5a7-4d8c-843c-ec79329c77bc,bddf5aac-7900-4371-ab6c-1f0262fa25e9,Xitsongalo,SELL,COBBLESTONE,Cobblestone,1,0.611485,0.611485,2025-12-13 13:48:32
47e8bd08-07fb-477a-b2b1-01fa4a4c6521,1e0ed980-ab59-43cf-a947-a11a8c2be8d9,Xitsongalo,SELL,COBBLESTONE,Cobblestone,1,0.6108549999999999,0.6108549999999999,2025-12-13 13:48:33
16399b7b-49bb-42f4-848c-51bf13d5464e,82cff641-b967-4cfd-95e2-a4672e4a20e0,Xitsongalo,SELL,AMETHYST_BLOCK,Amethyst Block,1,1.0499999999999996,1.0499999999999996,2025-12-13 13:48:33
e1b6c085-a8e3-44c1-bc06-9033a44b8877,8105f04a-b33d-40a7-982a-2534fdbae087,Xitsongalo,SELL,CALCITE,Calcite,1,0.13999999999999996,0.13999999999999996,2025-12-13 13:48:33
3573f56a-19e0-440e-8128-9ebef50a8985,64437bbe-1b5b-4d20-852c-a2817941740b,Xitsongalo,SELL,CALCITE,Calcite,1,0.13999999999999996,0.13999999999999996,2025-12-13 13:48:33
daf4ed84-8355-46d9-b209-debe18aef4fb,4b883305-abb8-4e1e-a419-8aecfb8d2031,Xitsongalo,SELL,CALCITE,Calcite,1,0.13999999999999996,0.13999999999999996,2025-12-13 13:48:33
315d00f0-f0e2-441e-b288-950c67c4539e,f20a934e-3a1f-45ee-be1c-451cd62837c3,Xitsongalo,SELL,CALCITE,Calcite,1,0.13999999999999996,0.13999999999999996,2025-12-13 13:48:34
a6d6e2b0-cbb7-473e-b661-edbb513b2343,3f5f4e04-f517-440e-8dbe-cad6c63a6728,Xitsongalo,SELL,CALCITE,Calcite,1,0.13999999999999996,0.13999999999999996,2025-12-13 13:48:34
ef1576e9-e6cb-4c61-9e18-06f792e944b4,62690304-e694-4c34-abaa-c7a246393b1e,Xitsongalo,SELL,CALCITE,Calcite,1,0.13999999999999996,0.13999999999999996,2025-12-13 13:48:34
32d6fdb6-59da-43dd-815f-b574a86ee92e,61f938cc-2b68-49e2-bccb-fd5a6e61b7c4,Xitsongalo,SELL,CALCITE,Calcite,1,0.13999999999999996,0.13999999999999996,2025-12-13 13:48:34
385de158-d56a-4651-bc79-4adf34ee4107,facab0dc-84e1-4030-aab1-dcd66dc9c77e,Xitsongalo,SELL,CALCITE,Calcite,1,0.13999999999999996,0.13999999999999996,2025-12-13 13:48:34
35ba6f53-55ff-4e73-8d37-e48c8b9c9372,c736bf17-5aed-4e34-9898-1b507fa74e74,Xitsongalo,SELL,CALCITE,Calcite,1,0.13999999999999996,0.13999999999999996,2025-12-13 13:48:35
7c6d9acc-3e15-4ba6-95f5-818ec322b116,fe17cf62-6cee-4196-966d-3afe458693ec,Xitsongalo,SELL,CALCITE,Calcite,1,0.13999999999999996,0.13999999999999996,2025-12-13 13:48:35
44a2a29c-d55b-405b-8fe3-8833672856da,4c942627-db40-4a06-a0e9-4eeb22b1acbe,Xitsongalo,SELL,CALCITE,Calcite,43,6.019999999999998,0.13999999999999996,2025-12-13 13:48:37
1d6ed7b0-2606-4438-81ca-8ad668ba4073,cb064ac9-eb6d-47e7-a030-ae874cc71d08,Xitsongalo,SELL,CALCITE,Calcite,43,6.019999999999998,0.13999999999999996,2025-12-13 13:48:39
b889a0d7-26f1-4057-ae63-71bbb2103ada,7791324b-2ce5-4aaf-8209-9d75e18d49e2,Xitsongalo,SELL,CALCITE,Calcite,10,1.3999999999999997,0.13999999999999996,2025-12-13 13:48:39
5c4757ed-1056-49ec-9de9-82942c4373ca,ea3329fd-d41c-4b48-9c68-03459efa3cea,Xitsongalo,SELL,COBBLESTONE,Cobblestone,64,37.78432,0.59038,2025-12-13 13:48:40
90aed540-16bf-4d1c-8f19-443bf9765581,5750e204-8491-46b7-ab2d-2d471e96c819,Xitsongalo,SELL,COBBLESTONE,Cobblestone,64,35.20383999999999,0.5500599999999999,2025-12-13 13:48:41
b493b04f-58b8-468c-b864-d4a00817a57c,7e403c92-51ea-4742-a213-a4e3e8a5084e,Xitsongalo,SELL,COBBLESTONE,Cobblestone,59,30.167585,0.511315,2025-12-13 13:48:41
9cf09e95-147b-4593-a81a-a1053f099fb9,2252a9a1-1c7d-460b-9d0f-c226ddb4fbc7,Xitsongalo,SELL,COBBLESTONE,Cobblestone,64,30.24448,0.47257,2025-12-13 13:48:42
04b08a4f-ef73-45bc-ae87-110a54dcd758,06892fa9-56ac-4b98-84c4-d76ef7bc1d5d,Xitsongalo,SELL,DIORITE,Diorite,28,19.35304,0.69118,2025-12-13 13:48:43
8fe00302-d76f-40d9-aa62-5936ab6c6dd7,2da62953-b8a6-4c8d-a886-f011cad79d02,Xitsongalo,SELL,ANDESITE,Andesite,15,10.381874999999999,0.692125,2025-12-13 13:48:44
abec716c-767b-4fd4-a372-195ca141e25e,b05dfe1a-d6af-4ce7-b71c-500c19d2149e,Xitsongalo,SELL,COBBLESTONE,Cobblestone,37,16.307934999999997,0.4407549999999999,2025-12-13 13:48:45
2df97e94-9082-46b6-9509-5f11db519da8,e995d1b4-cc51-4b21-9cbf-964701a6665b,Xitsongalo,SELL,AMETHYST_BLOCK,Amethyst Block,48,50.39999999999998,1.0499999999999996,2025-12-13 13:48:45
71410b61-5f75-44b0-9007-9565b82b8e76,7e7ac963-f532-47bf-9396-6074216e6f84,Xitsongalo,BUY,CHERRY_SAPLING,Cherry Sapling,1,2.049593431428787,2.049593431428787,2025-12-13 13:52:22
73d7c00e-cf7c-44aa-b19e-b0e18d9bb495,f028e41e-741d-4a76-9f24-7e8cb2a9fdaf,Xitsongalo,BUY,NETHERITE_CHESTPLATE,Netherite Chestplate,1,860.8292412000897,860.8292412000897,2025-12-13 13:59:10
1fa826e3-6a5f-47f5-a82d-167a41126cf8,799da38c-93ad-440d-9107-88f8559efd68,Xitsongalo,BUY,NETHERITE_HELMET,Netherite Helmet,1,538.0182757500561,538.0182757500561,2025-12-13 13:59:21
17138bee-9f06-4bfd-9ea8-24bd72b5b021,06fa51a2-0aaa-4cea-add5-afb06cac0b06,Xitsongalo,SELL,CALCITE,Calcite,15,2.099999999999999,0.13999999999999996,2025-12-13 15:13:11
55055f58-edd7-45a1-bc5b-d6086fff1c59,c32d773d-5351-4b5c-b672-b1fc6c1e8114,Xitsongalo,SELL,CALCITE,Calcite,64,8.959999999999997,0.13999999999999996,2025-12-13 15:13:12
6dbb8131-9de2-46ab-89b6-3b2edd0bc342,ed1f7fc3-0980-4951-a167-b908114b75a2,Xitsongalo,SELL,CALCITE,Calcite,49,6.859999999999998,0.13999999999999996,2025-12-13 15:13:12
ee7c0ead-d35b-4e94-9dfc-2180e9efab0f,b256e8c7-4acc-4c05-b8a3-75fa60a83b4a,Xitsongalo,SELL,AMETHYST_BLOCK,Amethyst Block,64,67.19999999999997,1.0499999999999996,2025-12-13 15:13:12
aa2bd497-07a2-4d38-9153-92512fc4ceee,5b0a8650-84c3-45d2-bb72-53597f8a5227,Xitsongalo,SELL,AMETHYST_BLOCK,Amethyst Block,64,67.19999999999997,1.0499999999999996,2025-12-13 15:13:12
2f6805b1-7db5-4613-ac85-1e5ddc7ee3ac,21c3807a-04ce-4269-b4a4-70949f69c2b1,Xitsongalo,SELL,AMETHYST_SHARD,Amethyst Shard,26,123.52339999999998,4.7509,2025-12-13 15:13:13
1798ef76-89ce-4b70-93f6-b1767617f0b1,654a766c-74c5-430e-93b5-52556e8b59bc,Xitsongalo,SELL,AMETHYST_BLOCK,Amethyst Block,54,56.699999999999974,1.0499999999999996,2025-12-13 15:13:14
f7ccbf0a-2802-4c59-88ac-529d5bee665a,d6da5d30-3d79-4453-8060-9f098d92bec9,Xitsongalo,SELL,CALCITE,Calcite,15,2.099999999999999,0.13999999999999996,2025-12-13 15:13:15
5ec98288-8bfa-4597-840d-3c52713f5432,f78c1625-54ab-4d88-aa7d-6f419457df57,Xitsongalo,SELL,CALCITE,Calcite,64,8.959999999999997,0.13999999999999996,2025-12-13 15:13:16
6090933f-2a8a-4304-a415-0832c41ac400,4c190161-e56b-44df-98a4-a0a53b96906d,Xitsongalo,SELL,COBBLED_DEEPSLATE,Cobbled Deepslate,54,52.56657,0.973455,2025-12-13 15:13:18
f8bf41c1-37a1-4baf-b5d8-02a3fc81b67d,de6f85ce-7929-4eae-ad09-015361dd46c2,Xitsongalo,SELL,GRANITE,Granite,4,2.73196,0.68299,2025-12-13 15:13:44
d520270a-2a97-467e-a913-4a2cf915c5a1,0a6ea1e9-e9ab-4780-bfa0-55069592a592,Xitsongalo,SELL,STRING,String,1,1.39937,1.39937,2025-12-13 15:13:45
ae1024cb-d490-4c3f-bd9d-7e1b9f71bab1,367a1735-e728-4304-a612-6362e9ea5476,Xitsongalo,SELL,GLOW_INK_SAC,Glow Ink Sac,3,8.38866,2.79622,2025-12-13 15:13:46
50917ad1-f5a4-4efe-b632-cab697cbbd3e,610f4f74-51a8-4950-bcd8-d356c06e85e8,Xitsongalo,SELL,ROTTEN_FLESH,Rotten Flesh,8,5.25224,0.65653,2025-12-13 15:13:46
eba1cab4-0e4e-4af8-b693-6f6933b35002,4810e577-8dc0-4d6d-b82d-42563de89714,Xitsongalo,SELL,TUFF,Tuff,2,1.37354,0.68677,2025-12-13 15:13:47
08d6fcbf-0172-4d7e-aaa8-fce44dff0dd0,3a91b4d2-a485-4259-bfeb-bbf21cc837b3,Xitsongalo,SELL,COBBLED_DEEPSLATE,Cobbled Deepslate,64,58.73279999999999,0.9176999999999998,2025-12-13 15:13:49
03fd9036-5f64-421b-91e2-a1f1d01c06e2,2fd7115b-e931-4757-b4c1-4495e911db0b,Xitsongalo,SELL,CALCITE,Calcite,64,8.959999999999997,0.13999999999999996,2025-12-13 15:13:54
54cdf8bc-3c0e-44de-a28d-b669a1b16016,71b5e253-c0d7-4fa1-8193-5630a001063e,Xitsongalo,SELL,AMETHYST_BLOCK,Amethyst Block,64,67.19999999999997,1.0499999999999996,2025-12-13 15:13:54
6246ff46-8fed-4c5e-bc48-c5a20be8a5ea,c558f0e4-3e18-48f0-bf94-04b07abfff17,Xitsongalo,SELL,COBBLESTONE,Cobblestone,37,15.445464999999999,0.41744499999999995,2025-12-13 15:13:54
faeab823-e8ee-4a93-8bce-77d72f668aa6,759f496c-e980-4dbd-aea1-0a993ed60475,Xitsongalo,SELL,AMETHYST_BLOCK,Amethyst Block,64,67.19999999999997,1.0499999999999996,2025-12-13 15:13:55
2fa5bf86-eff9-4469-ae7f-e16576a811f8,9366a50e-2715-44ec-89eb-16ef0b136a3b,.FannShizu,BUY,BEETROOT_SEEDS,Beetroot Seeds,1,0.5123983578571968,0.5123983578571968,2025-12-13 15:38:13
fe206c1a-6569-4b6f-ab71-97668b491d35,5b6d5407-d7b1-4311-aedc-bf706e46d270,.FannShizu,SELL,DIAMOND,Diamond,1,69.8425,69.8425,2025-12-13 16:14:40
8bfb9bd3-f233-48ee-b583-30e0f05d5dab,efda6662-882c-4f60-be6e-f8e783b5ab21,.FannShizu,SELL,DIAMOND,Diamond,1,69.7795,69.7795,2025-12-13 16:14:40
707fc45f-d9b8-4e5a-bf0d-edd47e387d58,54634b89-cdbc-494f-a5be-a3e6f44e0a9d,.FannShizu,SELL,DIAMOND,Diamond,1,69.7165,69.7165,2025-12-13 16:14:40
c32ffd03-9655-46a3-a525-46cfff5eb000,d69e2944-033f-4739-b39c-1004c782bf89,.FannShizu,SELL,DIAMOND,Diamond,1,69.6535,69.6535,2025-12-13 16:14:40
5c31521c-093c-433a-b8ad-777886a49b27,6dda4d79-a7a3-454a-bbd1-e163b1cea4c1,.FannShizu,SELL,DIAMOND,Diamond,1,69.59049999999999,69.59049999999999,2025-12-13 16:14:40
425a5bb3-c208-4b4f-9d1c-d40c65538ade,a9e5630b-f5c5-4a32-a839-8fb6c7249973,Maul_FZC,SELL,GUNPOWDER,Gunpowder,64,173.87776,2.71684,2025-12-13 16:22:07
b6b67ffa-028a-4921-99cb-630629b14e0a,c9daf1e0-b2a1-4bce-96eb-4a1ee1175285,Maul_FZC,SELL,GUNPOWDER,Gunpowder,64,163.55584,2.55556,2025-12-13 16:22:08
0e64083f-63f5-4ff6-9215-9ed8a0afae21,d11a43ca-ab0a-4fd1-8a7a-ce96ad963dc6,Maul_FZC,SELL,GUNPOWDER,Gunpowder,64,153.23391999999998,2.3942799999999997,2025-12-13 16:22:08
87c8b270-6333-4c5a-90df-2be257327d5f,1469abde-041f-4427-bd44-6a6c8f01f837,Maul_FZC,SELL,GUNPOWDER,Gunpowder,10,23.010399999999997,2.3010399999999995,2025-12-13 16:22:08
3e284593-dd5d-4d57-b6c4-05e1a7c7d27a,7d9051a5-3fe6-4dbb-8244-52592e8812fa,.FannShizu,BUY,LEATHER,Leather,1,46.53533675429467,46.53533675429467,2025-12-13 16:22:56
bf86b623-ecd0-40d3-bc5f-1ab536c8ae64,924c0b13-93d4-49a6-9ac4-217922d7f7be,Maul_FZC,SELL,LEATHER,Leather,16,370.68935326881405,23.168084579300878,2025-12-13 16:23:32
025a6223-f29f-43a3-a6ce-6eca6d494c24,13a84cf6-d2e8-483d-9288-ff58b2d8c791,Maul_FZC,SELL,COOKED_BEEF,Cooked Beef,36,123.9588,3.4433,2025-12-13 16:24:26
204f0c19-7a15-4698-af3d-cef2f3b6b65e,d13c84f3-78a1-45f1-adfc-068ac947bcb5,.FannShizu,SELL,DIAMOND,Diamond,1,69.5275,69.5275,2025-12-13 16:24:58
3a252550-351c-402d-a7a2-110d0f27a983,7846cd6f-da50-4942-aee1-2d8c6bf2333d,.FannShizu,SELL,DIAMOND,Diamond,1,69.4645,69.4645,2025-12-13 16:25:01
177b2a54-fd0f-4ae9-80de-0e1b04341254,234779fd-d494-4ac8-9a35-648abd90f9b9,.FannShizu,SELL,DIAMOND,Diamond,1,69.4015,69.4015,2025-12-13 16:25:01
445a7744-00e6-41ec-a98a-fa357da72d46,f2983c12-e4c9-4870-93e7-55e92f974eda,.FannShizu,SELL,DIAMOND,Diamond,1,69.3385,69.3385,2025-12-13 16:25:01
8fa15b5e-5d03-4468-b833-5e662f75db05,6471a9aa-cf52-46a2-b554-afd16f2d47e3,.FannShizu,SELL,DIAMOND,Diamond,1,69.2755,69.2755,2025-12-13 16:25:01
536a0e5e-f6f7-4eb9-9f88-4cf1e34c5750,89719471-add9-4ee9-8ff9-1a228f4e91fd,.FannShizu,SELL,DIAMOND,Diamond,1,69.21249999999999,69.21249999999999,2025-12-13 16:25:01
b0a0d767-ae84-4346-b2c4-c51db0d19ae9,b77b8e98-bb8b-4b31-a76b-4bf6d5fdc014,.FannShizu,SELL,DIAMOND,Diamond,1,69.14949999999999,69.14949999999999,2025-12-13 16:25:01
75d6e77c-d712-47f3-965f-1b5dc3cd55b7,6f979e80-e1a9-4ab5-a75a-4640061ef8f7,.FannShizu,SELL,DIAMOND,Diamond,1,69.08649999999999,69.08649999999999,2025-12-13 16:25:01
83774bcf-7fc6-47e2-9dfe-f9f8fec5b887,00a09174-3463-4410-bc02-e78180c40690,.FannShizu,SELL,DIAMOND,Diamond,1,69.0235,69.0235,2025-12-13 16:25:01
5b6831e3-5a08-4cea-bc2c-5f54013eaa81,46274343-cef3-4cd8-af8f-c1238c1ca3c5,.FannShizu,SELL,DIAMOND,Diamond,1,68.9605,68.9605,2025-12-13 16:25:01
757b0f48-7261-47d0-ae70-2974fe01e96b,974e3e32-ac90-4632-b58a-3b3a8129181e,.FannShizu,SELL,DIAMOND,Diamond,1,68.8975,68.8975,2025-12-13 16:25:01
dd93d9d5-6202-4267-9d74-97f1e0010fe6,b47c06f0-6962-4a0b-a1b7-c6579785812d,.FannShizu,SELL,DIAMOND,Diamond,1,68.83449999999999,68.83449999999999,2025-12-13 16:25:01
0d93585e-ce2b-4da7-9659-e007fe586d80,9b2ea9d9-0658-4b91-873e-d86fe4704543,.FannShizu,SELL,DIAMOND,Diamond,1,68.7715,68.7715,2025-12-13 16:25:01
3f24e3e5-7dc3-4311-a3d7-646301298d78,49ed4695-7830-4bd1-a3d3-733fbef45366,.FannShizu,SELL,DIAMOND,Diamond,1,68.7085,68.7085,2025-12-13 16:25:01
d105a5df-6343-46e9-93aa-b973a9945ce0,49c3af2b-1598-447b-b6e0-6968f797add8,.FannShizu,SELL,DIAMOND,Diamond,1,68.6455,68.6455,2025-12-13 16:25:08
a3412db8-d4ee-437f-8b1e-ed6f7f5f48a4,8bfb1742-200e-4b42-8ed5-275c6d7d11ee,.FannShizu,SELL,DIAMOND,Diamond,1,68.5825,68.5825,2025-12-13 16:25:08
187459fb-6f56-46ba-aed1-1e9f5a614a72,f62f94b0-ecbc-4eaf-a2ad-042be7467758,.FannShizu,SELL,DIAMOND,Diamond,1,68.5195,68.5195,2025-12-13 16:25:08
3702f689-b13d-4a08-ae7c-c7a765448fd7,300d2289-ad40-4dc0-b330-1b4c4bb3a0b5,.FannShizu,SELL,DIAMOND,Diamond,1,68.45649999999999,68.45649999999999,2025-12-13 16:25:08
639607c6-b5c5-42ee-8d1a-3de6874cd794,f2661fe2-0dff-44c2-8cf6-8068326218d5,.FannShizu,SELL,DIAMOND,Diamond,1,68.39349999999999,68.39349999999999,2025-12-13 16:25:08
cb3f639a-b3c2-4e0f-8541-02ae5f4f06db,fd32570e-4fce-4fb5-84ab-9faa32564a90,.FannShizu,SELL,DIAMOND,Diamond,1,68.33049999999999,68.33049999999999,2025-12-13 16:25:08
265e3ccc-655c-4559-a196-677603355af4,a0b52614-40c5-4d80-81af-f47f6fa22c2d,.FannShizu,SELL,DIAMOND,Diamond,1,68.26749999999998,68.26749999999998,2025-12-13 16:25:08
4ae99bff-2b2c-424e-9149-2831a801db3c,6e5916b6-babe-455f-adcb-28238c948bcb,.FannShizu,SELL,DIAMOND,Diamond,1,68.2045,68.2045,2025-12-13 16:25:08
be67324b-b75d-4f10-be41-57425fa0cd69,0a6e036e-c572-405e-bd64-3b42ac989587,.FannShizu,SELL,DIAMOND,Diamond,1,68.1415,68.1415,2025-12-13 16:25:10
d2fc05cf-f34e-4d34-8c7a-44f70f373480,a652a415-0b15-4eb8-ac75-8b6b2601ac87,.FannShizu,SELL,DIAMOND,Diamond,1,68.07849999999999,68.07849999999999,2025-12-13 16:25:13
043750dc-1f0e-4e2f-a769-b8853ee83dca,7732d929-8687-4166-b40f-7913b00fcb83,.FannShizu,SELL,DIAMOND,Diamond,1,68.0155,68.0155,2025-12-13 16:25:17
3366daa9-1d09-4f31-83c8-60bd347f1231,5123625a-c728-49c7-ac6d-34581bd479ba,.FannShizu,SELL,DIAMOND,Diamond,1,67.9525,67.9525,2025-12-13 16:25:20
4fe2e9f6-6df3-428e-8a84-b0123235881b,f599610a-bc28-4b3c-97cf-5821d599a4a2,.FannShizu,SELL,DIAMOND,Diamond,1,67.8895,67.8895,2025-12-13 16:25:20
239284e4-7ffd-4f22-a7d8-c7277c89a4be,de067bc7-d284-4cc9-9fda-4796fdd3f013,.FannShizu,SELL,DIAMOND,Diamond,1,67.8265,67.8265,2025-12-13 16:25:20
e87e1b55-db70-487c-b059-1c3724ccbd32,a2bf0fe7-aa7f-43eb-848a-a73f30b6d0e2,.FannShizu,SELL,DIAMOND,Diamond,1,67.7635,67.7635,2025-12-13 16:25:20
22928d19-2205-4f69-8455-e02b48be40cb,ceb8d75d-44de-409e-ba84-1c5c476a60cd,.FannShizu,SELL,DIAMOND,Diamond,1,67.70049999999999,67.70049999999999,2025-12-13 16:25:20
910fd106-11e1-4ba9-828d-9a6c25d5ab3e,c2c10fc3-9041-45af-9927-be2112ea4e5a,.FannShizu,SELL,DIAMOND,Diamond,1,67.63749999999999,67.63749999999999,2025-12-13 16:25:20
0c8b0719-945f-4af7-bf00-572319e3dad8,8ea562f5-2319-4be5-9b53-7693279fb94f,.FannShizu,SELL,DIAMOND,Diamond,1,67.5745,67.5745,2025-12-13 16:25:20
b6df2f4c-4383-41ac-8c86-a47a6c62e5af,5b5fa539-8666-45f4-846b-5b702268881f,.FannShizu,SELL,DIAMOND,Diamond,1,67.5115,67.5115,2025-12-13 16:25:22
553db417-52dc-49ff-ab28-93c26d8f36b0,4195dc10-444f-46d4-82f3-41b9198e65f1,.FannShizu,SELL,DIAMOND,Diamond,1,67.4485,67.4485,2025-12-13 16:25:24
4493e38d-bf4d-4dc1-ab7a-4c09be852218,6f639c0e-d57e-4de3-abb3-a10198fbb515,.FannShizu,SELL,DIAMOND,Diamond,1,67.3855,67.3855,2025-12-13 16:27:47
65b81cfc-3a5a-4ecf-990c-dfb3bca510e7,99580d16-3756-4025-8071-b59346d45955,.FannShizu,SELL,DIAMOND,Diamond,1,67.32249999999999,67.32249999999999,2025-12-13 16:27:50
9a4df94e-991a-4ab6-a32f-2b8a2e59220a,f8f36588-8472-404c-afdb-f86c728a5f6d,.FannShizu,SELL,DIAMOND,Diamond,1,67.25949999999999,67.25949999999999,2025-12-13 16:27:57
581df698-ff30-41ba-be1a-6921f763aa1e,1b46a2e9-1e34-4b13-9fa0-5849eb62359c,.FannShizu,SELL,DIAMOND,Diamond,1,67.19649999999999,67.19649999999999,2025-12-13 16:28:02
8396aaf8-b658-496b-b48d-f414807cf30a,03fc22e7-1ab4-4b22-a2a6-af00f3207082,.FannShizu,SELL,DIAMOND,Diamond,1,67.1335,67.1335,2025-12-13 16:28:10
c99af678-5cb4-4e17-a386-703b400ece22,72ba952d-38be-4981-af9a-6168b266ea8c,.FannShizu,SELL,DIAMOND,Diamond,1,67.07050000000001,67.07050000000001,2025-12-13 16:28:17
f104098b-e803-45f9-a6fd-7edc9aed8da7,5cbb78bf-9f09-43fc-aeda-c66ea3bd43a1,.FannShizu,SELL,DIAMOND,Diamond,1,67.00750000000001,67.00750000000001,2025-12-13 16:28:18
24a7d9c6-7f38-4076-b09f-cfdc957d0b43,5dcf900b-ad5f-4ea6-a4c3-c3041a537aeb,.FannShizu,SELL,DIAMOND,Diamond,1,66.9445,66.9445,2025-12-13 16:28:21
79da9d59-41bb-4a98-ae9c-97db37f0e782,815ac833-9df4-4054-a934-28f3f7a8a226,.FannShizu,SELL,DIAMOND,Diamond,1,66.8815,66.8815,2025-12-13 16:28:22
3bd75fda-c451-447b-8251-67fbdb41e80e,b5877772-0db3-433c-b464-d7ba8972db58,.FannShizu,SELL,DIAMOND,Diamond,1,66.8185,66.8185,2025-12-13 16:28:24
b555dc0a-abf2-4211-a776-0a538085c111,d88e3efc-14d0-4206-9b07-94da7a51e062,.FannShizu,SELL,DIAMOND,Diamond,1,66.7555,66.7555,2025-12-13 16:28:25
3480c89b-6467-4ae8-a4ba-fc020edcf066,0461ffd7-e2c0-4a98-8bfc-ae55fba72252,.FannShizu,SELL,DIAMOND,Diamond,1,66.6925,66.6925,2025-12-13 16:28:27
f85b1053-84f5-4bca-98e3-1912153a7a99,faa0788d-f918-4ee5-be98-9154da50e3a9,.FannShizu,SELL,DIAMOND,Diamond,1,66.6295,66.6295,2025-12-13 16:28:28
e56d5e2e-fab0-4de0-9c03-125b607591e8,a01e09a6-1353-4acd-96dd-e55399aa93ea,.FannShizu,SELL,DIAMOND,Diamond,1,66.56649999999999,66.56649999999999,2025-12-13 16:28:30
587036bf-d0d3-4df7-aa0c-8f5af60c6392,ded2add9-739c-4aff-bc13-6906b8e95658,.FannShizu,SELL,DIAMOND,Diamond,1,66.50349999999999,66.50349999999999,2025-12-13 16:28:32
bce45214-a7c8-4404-816f-fda38935f039,aa80c8c8-caf1-43c0-94b4-3e8ec17eb166,.FannShizu,SELL,DIAMOND,Diamond,1,66.4405,66.4405,2025-12-13 16:28:33
bc646614-a2ec-460f-bb53-69be65d3a004,09520b25-13e3-4b9f-9816-877e7b7b3dd6,.FannShizu,SELL,DIAMOND,Diamond,1,66.3775,66.3775,2025-12-13 16:28:35
36d2158a-87dc-4f93-9cc4-41330ade4f9e,971d9db8-dd55-4dfb-ad73-a693a6c4a4e1,.FannShizu,SELL,DIAMOND,Diamond,1,66.3145,66.3145,2025-12-13 16:28:36
25cdbb1b-ea4b-4ad3-acb6-8f09f78f5ade,cb31f11c-b9e1-4bfb-952b-4ef153fe422b,.FannShizu,SELL,DIAMOND,Diamond,1,66.2515,66.2515,2025-12-13 16:28:38
8188428e-9572-4803-bf9c-c1652145f8ac,2906c3d2-ff8a-4244-993c-d6b096e6fa29,.FannShizu,SELL,DIAMOND,Diamond,1,66.1885,66.1885,2025-12-13 16:28:39
9415f177-7b93-4f9d-806c-69b30bb16588,19965526-d68c-4e70-a830-868e24139c68,.FannShizu,SELL,DIAMOND,Diamond,1,66.1255,66.1255,2025-12-13 16:28:41
a1ec170c-92b3-4ca0-8bea-c29fbe1970df,ffb50273-4f3b-4387-a98d-93c4d6e0b70c,.FannShizu,SELL,DIAMOND,Diamond,1,66.0625,66.0625,2025-12-13 16:28:42
63d3dc75-7617-447b-9422-84d756277a76,ec07d6b4-d90b-4ffd-9533-7cfa6c153f84,.FannShizu,SELL,DIAMOND,Diamond,1,65.9995,65.9995,2025-12-13 16:28:44
e6ef5ffd-192f-4c9a-9a3d-d155ef8287b6,6391da70-96b7-4eeb-bc47-126366845855,.FannShizu,SELL,DIAMOND,Diamond,1,65.9365,65.9365,2025-12-13 16:28:45
bf4ea385-abfa-42ef-9849-710a54c64d5d,4aa857a0-a68c-4452-a6e2-5581820e3221,.FannShizu,SELL,DIAMOND,Diamond,1,65.87349999999999,65.87349999999999,2025-12-13 16:28:47
8a34748d-4879-45a5-ad74-329788239342,57026777-e09e-4fe4-96f3-fee4b9e88872,.FannShizu,SELL,DIAMOND,Diamond,1,65.81049999999999,65.81049999999999,2025-12-13 16:28:48
af869f60-6275-4f0a-90dc-fda0c8095d41,e56d11f4-a181-4a46-8ec1-0d33ee784502,.FannShizu,SELL,DIAMOND,Diamond,1,65.74749999999999,65.74749999999999,2025-12-13 16:28:50
d0592766-4146-40db-b5c7-3e3fb6b532f4,9edd1167-1ef0-403e-b281-f498e256fb48,.FannShizu,SELL,DIAMOND,Diamond,1,65.6845,65.6845,2025-12-13 16:28:51
5d78edb6-a49c-4603-bada-2ec15d9eb067,1e131313-aede-4c42-92da-e54f90c86c28,.FannShizu,SELL,DIAMOND,Diamond,1,65.6215,65.6215,2025-12-13 16:28:53
2bbdaecc-90cf-4f68-9c3c-011dbae7324d,3fe985c9-4ec4-47f7-81d7-bf301b076206,.FannShizu,SELL,DIAMOND,Diamond,1,65.5585,65.5585,2025-12-13 16:28:55
efcf98b8-f390-4405-a7fb-9ea499f9cb66,b6c9311e-434c-4574-97ad-5abe6459f63d,.FannShizu,SELL,DIAMOND,Diamond,1,65.49549999999999,65.49549999999999,2025-12-13 16:28:56
65fe127b-2bcd-4bda-9a1c-8608fe0dafb2,4df642a9-607c-4990-a65c-cde8e1995228,.FannShizu,SELL,DIAMOND,Diamond,1,65.43249999999999,65.43249999999999,2025-12-13 16:28:58
0e4bec55-b536-41d4-8a95-bb40b85f3333,ebd2428f-98d4-4d85-ac38-7ffc530da02c,.FannShizu,SELL,DIAMOND,Diamond,1,65.36949999999999,65.36949999999999,2025-12-13 16:28:59
8dc92c48-6ae1-413b-bad4-9eee35aadc21,d4e2e840-34ac-4580-ac60-c7f0ee9d521b,.FannShizu,SELL,DIAMOND,Diamond,1,65.30649999999999,65.30649999999999,2025-12-13 16:29:01
de7a4327-3a8b-493a-8ed8-d61a1e58a426,f7ccc858-8388-4490-b1de-279b5ceb96da,.FannShizu,SELL,DIAMOND,Diamond,1,65.2435,65.2435,2025-12-13 16:29:02
1413bbb4-71e4-4422-b9dc-fd1b66ca6bed,5abcc3f2-d4fe-420b-a295-d1820971c440,.FannShizu,SELL,DIAMOND,Diamond,1,65.18050000000001,65.18050000000001,2025-12-13 16:29:04
d3171a5f-d47e-4ead-8211-415f1ffc2896,a2824a18-4ac2-4582-89e9-32aea3a428c4,.FannShizu,SELL,DIAMOND,Diamond,1,65.1175,65.1175,2025-12-13 16:29:05
e096857c-e0d6-4b69-8a65-5ff95a615e33,9f6d3941-a33a-43ef-8af4-5aac913d23e9,.FannShizu,SELL,DIAMOND,Diamond,1,65.0545,65.0545,2025-12-13 16:29:07
61940053-7f0e-46ba-a90b-238452e197c2,cc9b82ce-e0a6-4b08-9053-e2ed83575478,.FannShizu,SELL,DIAMOND,Diamond,1,64.9915,64.9915,2025-12-13 16:29:09
6e80bc33-1207-4785-8e07-5d811bca34bc,7858892b-3b03-4363-a7bb-c9f0025637e2,.FannShizu,SELL,DIAMOND,Diamond,1,64.9285,64.9285,2025-12-13 16:29:11
2eed5cac-8da4-4b2f-9910-dd131755997b,3a5a323e-edd4-46dc-8cf3-1b859e898c88,.FannShizu,SELL,DIAMOND,Diamond,1,64.8655,64.8655,2025-12-13 16:29:12
66a2e29a-dda9-4e43-b4bd-df4740c432d3,788fbfb0-748d-438c-9e2e-7d272d9ed757,.FannShizu,SELL,DIAMOND,Diamond,1,64.8025,64.8025,2025-12-13 16:29:14
1dbfc5f9-f8c2-4360-a5e2-c92f1c98b213,4924a8f0-bae9-49f6-bd07-44ee7cd816b0,.FannShizu,SELL,DIAMOND,Diamond,1,64.73949999999999,64.73949999999999,2025-12-13 16:29:16
5d104b47-51fb-4e84-8293-01620e1725fb,a40db24a-2394-4fa4-81b4-21a18e6644d9,.FannShizu,SELL,DIAMOND,Diamond,1,64.6765,64.6765,2025-12-13 16:29:17
df3760ee-132d-42e2-bafc-bd91381b5859,917bc6d6-0196-4f21-93ac-7728e9ab58af,.FannShizu,SELL,DIAMOND,Diamond,1,64.6135,64.6135,2025-12-13 16:29:19
0dba2253-5215-4553-bdf9-22051ea84716,b224c490-7a53-4eee-bb0f-2b0cc2b3026f,.FannShizu,SELL,DIAMOND,Diamond,1,64.5505,64.5505,2025-12-13 16:29:21
96850785-8b23-41f7-afdb-20ca85b78e58,6d7d6f28-41ff-46de-bbfb-19cb27e18519,.FannShizu,SELL,DIAMOND,Diamond,1,64.4875,64.4875,2025-12-13 16:29:22
2eadf258-f417-4a51-8609-e5252e96b987,73e38e2c-4240-4ced-9fd6-f93055c8ad92,.FannShizu,SELL,DIAMOND,Diamond,1,64.4245,64.4245,2025-12-13 16:29:24
c1851490-4fc1-4cf9-864d-34def441da0e,5f6c9df1-789c-4afa-b742-d69479248f10,.FannShizu,SELL,DIAMOND,Diamond,1,64.36149999999999,64.36149999999999,2025-12-13 16:29:26
1e351b87-4e92-405c-a42f-d7e90515f30d,ecb1fdcc-d846-455b-afec-7496c91b367e,.FannShizu,SELL,DIAMOND,Diamond,1,64.2985,64.2985,2025-12-13 16:29:28
de1d6b69-f360-4cc6-b427-3129be7b1b6a,20c45fd4-a9fa-4edb-8324-2c6d3cbae9b1,.FannShizu,SELL,DIAMOND,Diamond,1,64.2355,64.2355,2025-12-13 16:29:29
cd43a116-0d16-4afa-ab55-51ef0922521a,8a0f521a-9f22-4ed6-ad9c-f3a8ed3b5d08,.FannShizu,SELL,DIAMOND,Diamond,1,64.1725,64.1725,2025-12-13 16:29:32
ad5ca895-56ff-441c-ba35-36bd40a79dfd,1abcd7d4-c166-4a45-b1c0-b5190456b940,.FannShizu,SELL,DIAMOND,Diamond,1,64.1095,64.1095,2025-12-13 16:29:36
4eb6740c-6a32-4b46-827c-fac4783f5b93,ff11ea54-560d-49f7-bf6f-1b4b71b663bc,.FannShizu,SELL,DIAMOND,Diamond,1,64.0465,64.0465,2025-12-13 16:29:38
2630e28b-2033-45aa-8fae-7005d4f5a396,3203daa2-6935-4583-8bd7-d5e1e727cc79,.FannShizu,SELL,DIAMOND,Diamond,1,63.9835,63.9835,2025-12-13 16:29:43
fb41f7b6-e44b-479f-8afc-2f80472c763f,d214ad47-aa4a-4a07-a138-f5257404ec4d,.FannShizu,SELL,DIAMOND,Diamond,1,63.9205,63.9205,2025-12-13 16:29:45
75a42761-12cf-4ff2-80ea-dd292a810836,da0d9941-4c2f-4121-a379-cc257b68505e,.FannShizu,SELL,DIAMOND,Diamond,1,63.857499999999995,63.857499999999995,2025-12-13 16:29:52
1fdc9288-f8fb-41e1-916d-d260e5a39aa1,2069b959-59b1-4b36-83c3-1953592e10f8,.FannShizu,SELL,DIAMOND,Diamond,1,63.7945,63.7945,2025-12-13 16:29:54
24ae19b1-d7db-49b2-a2b5-94a8e8785bbd,67692cd7-2a81-404c-a780-09790655c7dd,.FannShizu,SELL,DIAMOND,Diamond,1,63.7315,63.7315,2025-12-13 16:29:55
bc272455-2151-406b-81d1-873b0c53d609,614b9156-0743-44ba-9a57-9aa3b2d2fd35,.FannShizu,SELL,DIAMOND,Diamond,1,63.668499999999995,63.668499999999995,2025-12-13 16:29:57
381e41c2-5306-4684-8edc-2696905d4c51,74f16bcb-f797-4c98-94c5-45396f090610,.FannShizu,SELL,DIAMOND,Diamond,1,63.60549999999999,63.60549999999999,2025-12-13 16:30:00
7b5149d5-ca32-4614-84a9-ef4723cceeb1,363356b0-0ff0-4004-a375-c32c343e7348,.FannShizu,SELL,DIAMOND,Diamond,1,63.5425,63.5425,2025-12-13 16:30:01
cc5043e0-8801-4f89-a991-20cda2e1077b,923cb64b-fdd3-42f1-bb8e-95e02e677e8f,Xitsongalo,SELL,COBBLED_DEEPSLATE,Cobbled Deepslate,45,38.97888749999999,0.8661974999999998,2025-12-13 16:31:10
5b9b6a33-1340-4601-83bb-df194daefe51,c0b16264-889e-4ce4-b99d-2429c1184474,Xitsongalo,SELL,TUFF,Tuff,64,42.62272,0.66598,2025-12-13 16:31:10
04973a7c-26cb-490d-b857-9d38826d055c,3c40ffd3-ef11-483e-abe6-93e4f779d61a,Xitsongalo,SELL,TUFF,Tuff,64,40.04224,0.62566,2025-12-13 16:31:11
277a640f-3845-4635-85c6-72ed8288892c,23ec5916-0792-4553-be48-56353202a902,Xitsongalo,SELL,TUFF,Tuff,64,37.46176,0.58534,2025-12-13 16:31:13
43561e9f-0c52-4135-b2a7-2d8b10892873,c6f91f43-dfbe-4738-b7cb-557d7ca73157,Xitsongalo,SELL,TUFF,Tuff,64,34.88128,0.54502,2025-12-13 16:31:13
b775a1c1-31d2-4336-9ca4-ad063c596a7d,cc6de272-4d7d-4fc6-b5f6-6035cecc9436,Xitsongalo,SELL,TUFF,Tuff,64,32.300799999999995,0.5046999999999999,2025-12-13 16:31:14
7291c097-6a15-43d5-904c-12c6772bf022,82b04117-c0ee-4e6d-a910-d4c9c718e564,Xitsongalo,SELL,TUFF,Tuff,8,3.8561599999999996,0.48201999999999995,2025-12-13 16:31:14
9da3c176-26db-4beb-aa49-6b7b2cd32db6,5ea68f9a-5080-41a4-bb61-2c5f63cdc8d8,Xitsongalo,SELL,TUFF,Tuff,55,25.419624999999996,0.46217499999999995,2025-12-13 16:32:05
916311d7-6d97-447b-8adc-23839668c36a,ca9103fb-7ea6-4f27-8c7b-aa5c35058816,Xitsongalo,SELL,STRING,String,27,37.306709999999995,1.38173,2025-12-13 16:32:06
bd96023f-09ad-4121-8919-12e94e2c12c1,3ab559a9-e086-4df9-8e3e-3c7d8ca6697d,Xitsongalo,SELL,EMERALD,Emerald,36,2231.2584,61.979400000000005,2025-12-13 16:32:10
8dadae53-05ce-458d-beca-4f23083e2830,3b1c59cf-e911-4ed9-bd08-7b1c842d340a,Xitsongalo,SELL,EMERALD,Emerald,64,3785.2415999999994,59.14439999999999,2025-12-13 16:33:12
0f0b63e3-24a2-4780-99d1-2687a1aa0db7,017912e2-eaf8-42bb-b3b5-aa098207f4f5,Xitsongalo,SELL,LAPIS_LAZULI,Lapis Lazuli,64,130.52927999999997,2.0395199999999996,2025-12-13 16:33:13
04687e79-7e1b-454d-bda1-aac5dc5c6b5f,65fdb1bf-f765-41d4-a029-17b532c27f43,Xitsongalo,SELL,LAPIS_LAZULI,Lapis Lazuli,64,122.78784,1.91856,2025-12-13 16:33:14
8465f463-ad41-4078-97db-d8c3d0a4aed6,553db0be-5186-4480-bebb-953ae53804c3,Xitsongalo,SELL,BRICK,Brick,64,65.26463999999999,1.0197599999999998,2025-12-13 16:33:15
91378722-635d-491a-88c6-bae44dae8597,95f20a9b-953a-4b7f-859b-58c394779426,Xitsongalo,SELL,BRICK,Brick,6,5.920109999999999,0.9866849999999999,2025-12-13 16:33:15
028a5b1e-295f-4e61-b92a-0796cabf12be,351339d2-a96f-403c-9b3a-df4ecf71d544,Xitsongalo,SELL,GLASS_BOTTLE,Glass Bottle,3,2.097165,0.699055,2025-12-13 16:33:16
cb7294a5-311b-417e-bde2-bd74253e4786,4f9d94e2-e15a-40ee-8312-ffcefd033a61,Xitsongalo,SELL,TUFF_BRICKS,Tuff Bricks,11,11.4928275,1.0448025,2025-12-13 16:33:20
83bdbc2b-e429-49e5-b3ec-fde42ee56344,f5cd6652-0936-49d1-8e35-8c32b41b8852,Xitsongalo,SELL,POLISHED_TUFF,Polished Tuff,5,4.190549999999999,0.8381099999999998,2025-12-13 16:33:20
b5727fe8-044c-4e69-b6eb-7f9affb5370f,26480f8f-1fd0-4aab-a3e4-ba1f50f9d9b0,Xitsongalo,SELL,TIPPED_ARROW,Tipped Arrow,1,2.099055,2.099055,2025-12-13 16:33:21
65d88f4c-9c63-4d50-b5b7-6253d706a76f,bbe926ee-8bd2-4a4f-89f5-8b29defc47ae,Xitsongalo,SELL,SPIDER_EYE,Spider Eye,6,8.37732,1.3962199999999998,2025-12-13 16:33:27
588b06ea-1b01-4a58-ada9-c7847eee2cde,8564fcd5-75b7-44e3-abcf-8ae447b3dfc1,Xitsongalo,SELL,COBBLED_DEEPSLATE,Cobbled Deepslate,17,14.227342499999999,0.8369024999999999,2025-12-13 16:36:07
4aa0fe40-c5d7-48ce-852c-c4ddeb0b9876,a033a48f-4315-4f69-bf68-6d623b658fda,.FannShizu,SELL,BONE,Bone,1,1.39685,1.39685,2025-12-13 16:42:36
cbf287b7-1cd2-46de-a050-1baaece92b92,6b2190e9-221e-4f52-a60b-929fcb420185,.FannShizu,SELL,BONE,Bone,1,1.3955899999999999,1.3955899999999999,2025-12-13 16:42:39
82160de2-1937-4394-beb8-00ad3d91e393,74e3042b-1ddf-4e49-a3d4-5a38172fdbb3,.FannShizu,SELL,BONE,Bone,1,1.3943299999999998,1.3943299999999998,2025-12-13 16:42:41
be16babd-7ce7-44ce-a2fb-2520fc92b860,75025da8-fc2b-4af1-ab47-345be5558125,.FannShizu,SELL,BONE,Bone,1,1.3930699999999998,1.3930699999999998,2025-12-13 16:42:41
88dd3f0d-30c2-46ad-be73-6e899fc350c2,d9fa868d-305d-497f-9040-3d93da86a983,.FannShizu,SELL,BONE,Bone,1,1.39181,1.39181,2025-12-13 16:42:41
1452a01e-1efa-48c9-8f3c-bd1d9afbc0fb,89f35e47-7221-4c5b-b591-9a8b46639fde,.FannShizu,SELL,BONE,Bone,1,1.39055,1.39055,2025-12-13 16:42:41
607d4004-68b2-4387-add1-01587c5f9812,94920cc6-c07d-4000-b635-65d4dbf4de8a,.FannShizu,SELL,BONE,Bone,1,1.38929,1.38929,2025-12-13 16:42:41
14a7ed6e-df50-429f-acdb-b37bafde7688,e1fb9950-d7ea-431f-a893-e751e98f4a1e,.FannShizu,SELL,BONE,Bone,1,1.38803,1.38803,2025-12-13 16:42:41
9aab5445-aa54-46e7-ad08-c2ba836549dc,18b16f9f-8c6e-4d8c-a7d2-0413d4c24c14,.FannShizu,SELL,BONE,Bone,1,1.38677,1.38677,2025-12-13 16:42:41
2a741382-8178-458d-b910-ce366124c644,17fb6d76-312d-452f-89d4-83aa438a3db0,.FannShizu,SELL,BONE,Bone,1,1.38551,1.38551,2025-12-13 16:42:41
662a6369-a2b5-4da6-a50c-4e15b0c7cbe5,0511cb2c-808c-43f9-8f45-0c1d753253bc,.FannShizu,SELL,BONE,Bone,1,1.38425,1.38425,2025-12-13 16:42:41
c110cf8b-722d-43ad-9404-45fb0ac95606,016f49c4-5f0e-4ef9-b5f7-0378299eeb82,.FannShizu,SELL,BONE,Bone,1,1.38299,1.38299,2025-12-13 16:42:41
44c096cf-ab8d-4408-a0e9-edcf3494b5d7,29dca2ce-bd70-4e8b-b707-616fbbce89cf,.FannShizu,SELL,BONE,Bone,1,1.38173,1.38173,2025-12-13 16:42:41
de9bc1d3-78e6-4e07-982b-d786eb502e33,c318562a-db4d-48b6-a356-ce4a17454847,.FannShizu,SELL,BONE,Bone,1,1.3804699999999999,1.3804699999999999,2025-12-13 16:42:41
44cb3ad6-624d-4313-9dfd-928847a9d4fa,297ece0e-4d3b-445b-8ae6-59b012392be5,.FannShizu,SELL,BONE,Bone,1,1.3792099999999998,1.3792099999999998,2025-12-13 16:42:41
8c84114e-d71a-4438-aa72-29f73abe1791,9ff7d4d4-9620-48d6-8f6e-cc9048c8237f,.FannShizu,SELL,BONE,Bone,1,1.3779499999999998,1.3779499999999998,2025-12-13 16:42:44
6127e049-c188-4e88-85e5-620036749065,1adf0e95-0ca7-4409-8a43-6a08a9ab2945,.FannShizu,SELL,BONE,Bone,1,1.3766899999999997,1.3766899999999997,2025-12-13 16:42:46
e6b949fb-65b4-49d8-a598-4042209ba8d5,4d5a878f-3b06-44fc-9f5c-85600c64f25b,.FannShizu,SELL,BONE,Bone,1,1.37543,1.37543,2025-12-13 16:42:46
4bed131d-d966-4c18-9cf0-de981a6d3ac8,a6377ed8-288f-46a0-9b5f-0b4854a605b1,.FannShizu,SELL,BONE,Bone,1,1.37417,1.37417,2025-12-13 16:42:46
bcd9c3a7-78a6-47cd-a911-a24bdc091edd,05e8916f-1d52-470d-80ae-f26fa640602c,.FannShizu,SELL,BONE,Bone,1,1.3729099999999999,1.3729099999999999,2025-12-13 16:42:46
8afdb5a7-e474-40c7-a2c8-5007677a89a3,dd59d458-96de-4f5f-8e93-d1d7c342ac65,.FannShizu,SELL,BONE,Bone,1,1.37165,1.37165,2025-12-13 16:42:46
39c78ef9-e8c8-445a-b9b1-bb0bcb617d03,74d7ff16-bfd2-4686-8e73-1c534c52aead,.FannShizu,SELL,BONE,Bone,1,1.37039,1.37039,2025-12-13 16:42:48
0abc49d3-7077-4024-b07e-166ae785f006,ada1f6fa-63ca-4fb6-9426-540493bccbef,.FannShizu,SELL,BONE,Bone,1,1.36913,1.36913,2025-12-13 16:42:48
077d76d3-37d7-4d2c-b167-e6c711e38104,7e7e3e7c-cc34-481b-b3d3-19ff2aba987c,.FannShizu,SELL,BONE,Bone,1,1.36787,1.36787,2025-12-13 16:42:48
92cda4fb-ad5b-4475-8d46-d89a414bd521,195039d1-e8f1-4cdf-908c-830fa17e9fe4,.FannShizu,SELL,BONE,Bone,1,1.3666099999999999,1.3666099999999999,2025-12-13 16:42:48
99b6375d-902a-4a54-8953-eddff33fbc02,3dd815cf-ca94-402f-b44d-44c0b866eb3c,.FannShizu,SELL,BONE,Bone,1,1.3653499999999998,1.3653499999999998,2025-12-13 16:42:48
88d3a961-7090-4d1b-911e-f17074cad7dd,dbbe993b-bdd6-4143-8d83-7b1eea7518d6,.FannShizu,SELL,BONE,Bone,1,1.36409,1.36409,2025-12-13 16:42:48
9ab917ca-ae2d-4eaf-8277-326d5453a909,dfe1baf3-1cc4-4fe3-85ea-cf2d6d4bee74,.FannShizu,SELL,BONE,Bone,1,1.36283,1.36283,2025-12-13 16:42:48
9d069e28-9232-49e2-bed4-db599ddd2b20,502b13be-2a4e-4d9d-acc2-3ba342afbb21,.FannShizu,SELL,BONE,Bone,1,1.36157,1.36157,2025-12-13 16:42:48
e08b4f2c-ad59-47cf-aebb-272d2ede6a2c,12cfb297-ff4f-4cb4-8af0-7ef347c8d6c4,.FannShizu,SELL,BONE,Bone,1,1.36031,1.36031,2025-12-13 16:42:48
b665c3ee-c33a-406e-8f49-8f7482cdf0cb,a4e9247b-6ac4-43ab-a31a-ce8d4b022ca0,.FannShizu,SELL,BONE,Bone,1,1.3590499999999999,1.3590499999999999,2025-12-13 16:42:48
2c41c322-355e-4a67-b8da-c0c03b5dabca,b04ff4d5-f7ef-4bc6-8dbd-0fd8b372434f,.FannShizu,SELL,BONE,Bone,1,1.3577899999999998,1.3577899999999998,2025-12-13 16:42:48
5e719bc9-364e-4b83-84cc-d2033b7f1e00,396f830b-d18a-4727-8deb-20f9ba35f43e,.FannShizu,SELL,BONE,Bone,1,1.3565299999999998,1.3565299999999998,2025-12-13 16:42:48
8678969d-e8f5-4441-8c4d-ea27deb03bf7,0d55f5c6-88b4-480a-bfa0-58729b03c8af,.FannShizu,SELL,BONE,Bone,1,1.35527,1.35527,2025-12-13 16:42:48
8a430b9a-4fe5-4ccb-a054-79a89f280cc7,e3e0f21f-93df-4716-9f7b-53a8570adfb3,.FannShizu,SELL,BONE,Bone,1,1.35401,1.35401,2025-12-13 16:42:48
93e4bf59-81a8-4bd3-9c60-31e04825ed22,020f8987-84b9-4733-8858-8d37243190e1,.FannShizu,SELL,BONE,Bone,1,1.35275,1.35275,2025-12-13 16:42:48
32f5e3d5-b698-4f9e-81b1-4aaa2ffe39b0,1f57d3a6-9ecf-459c-ac12-5fcce197f4fa,.FannShizu,SELL,BONE,Bone,1,1.35149,1.35149,2025-12-13 16:42:50
9e1c7fad-595c-4443-ad04-93a681656c35,b498e046-e200-4d82-a26e-a3fe8e7f92fa,.FannShizu,SELL,BONE,Bone,1,1.35023,1.35023,2025-12-13 16:42:50
5d95dc3f-182a-4a2b-aac7-68b509c8cb86,a1ef3a93-b5ba-4161-ab08-b68110ba5c59,.FannShizu,SELL,BONE,Bone,1,1.34897,1.34897,2025-12-13 16:42:50
20d67abf-8c38-4f6a-bafd-d32ad5cc80d9,679c46a2-a6c2-4715-923b-88b7554d2d8c,.FannShizu,SELL,BONE,Bone,1,1.34771,1.34771,2025-12-13 16:42:50
08a0513a-99b0-4347-beb0-890636441a10,0885020c-6b9b-4568-9a5c-c572ac7d0916,.FannShizu,SELL,BONE,Bone,1,1.34645,1.34645,2025-12-13 16:42:50
9b8fad3b-60cd-4ce3-973d-62929ec0f1e5,2e963a81-ceda-4e5c-8ea5-138179d1f311,.FannShizu,SELL,BONE,Bone,1,1.3451899999999999,1.3451899999999999,2025-12-13 16:42:50
f84e0619-9efe-43b2-a88d-d9ddf1c9be48,6b8d18c2-776f-468b-a11f-a94417d099ad,.FannShizu,SELL,BONE,Bone,1,1.3439299999999998,1.3439299999999998,2025-12-13 16:42:50
237df964-bb4d-4673-8bed-58fde1cd18ff,6b2a224a-1e30-4855-8227-3f74c5e529fd,.FannShizu,SELL,BONE,Bone,1,1.3426699999999998,1.3426699999999998,2025-12-13 16:42:50
e97a1c96-24d6-41cb-aea1-dd5334402a4c,cd258090-44d3-44c5-adb3-a9677866cf8f,.FannShizu,SELL,BONE,Bone,1,1.34141,1.34141,2025-12-13 16:42:50
76f412df-dc65-42f8-bf94-b14dd1c82127,a7c04175-140f-48ad-abd4-f4e09e2ef48b,.FannShizu,SELL,BONE,Bone,1,1.34015,1.34015,2025-12-13 16:42:50
d7df28c4-94fb-45a9-98af-e06dd2788bfc,89ee39bf-5e44-4137-ad2c-8fbe379af952,.FannShizu,SELL,BONE,Bone,1,1.33889,1.33889,2025-12-13 16:42:50
cf7573f5-ba7b-4c03-9ea4-6b70d97c8640,dbfb8fdc-d567-4a9b-a714-ed1463b539d3,.FannShizu,SELL,BONE,Bone,1,1.3376299999999999,1.3376299999999999,2025-12-13 16:42:51
5ee963e7-65e5-4ff0-8b31-61b97faf8921,5f04837f-1ff7-4431-8208-6ea208e5f0bb,.FannShizu,SELL,BONE,Bone,1,1.3363699999999998,1.3363699999999998,2025-12-13 16:42:53
9045b76b-2e2b-4cef-9c39-fe126f832fc0,35636d99-2a42-44bd-bd94-93cd5fccd0d4,.FannShizu,SELL,BONE,Bone,1,1.33511,1.33511,2025-12-13 16:42:55
ecc54c3c-b5a3-40ee-8346-1bbb2bf82dff,b3a34e4a-ebd4-496c-9269-21e0a0d1a05f,.FannShizu,SELL,BONE,Bone,1,1.33385,1.33385,2025-12-13 16:42:57
ea13f9d2-d199-46b7-8db3-8330cf9db9f7,2812956a-cbe4-4fb9-aba7-6edd5af83107,.FannShizu,SELL,BONE,Bone,1,1.33259,1.33259,2025-12-13 16:42:57
8cf46d5f-d1fc-4206-b366-4fc4e0424917,396144b9-e37a-4ad6-a5c9-2422cbb7fee7,.FannShizu,SELL,BONE,Bone,1,1.33133,1.33133,2025-12-13 16:42:57
062eac38-0ae6-4059-b76b-da73841a7f15,526afc64-d8e5-49c0-a09c-37db702034c3,.FannShizu,SELL,BONE,Bone,1,1.3300699999999999,1.3300699999999999,2025-12-13 16:42:57
bba0f377-b63d-4008-b816-a306bde4cae9,0355985c-5791-48a5-9df8-b8a5fb908464,.FannShizu,SELL,BONE,Bone,1,1.32881,1.32881,2025-12-13 16:42:57
659b8380-9a94-4800-bda3-d2d4209c76bf,05010dd0-63bb-40fc-8671-81344aca28d0,.FannShizu,SELL,BONE,Bone,1,1.32755,1.32755,2025-12-13 16:42:57
3ca9aa60-2a57-4051-9dca-9016c1ded154,c5be03e1-7543-4b38-a5f1-07bbff820553,.FannShizu,SELL,BONE,Bone,1,1.32629,1.32629,2025-12-13 16:42:57
e1231ff0-b3ce-4fab-bff2-cd47c96ffa3f,f73a0940-30b9-4877-8c8c-b63ba0ac8a25,.FannShizu,SELL,BONE,Bone,1,1.32503,1.32503,2025-12-13 16:42:57
e07b5f1f-320b-4896-92fe-ebf4d051bef2,6e808310-9615-496e-89d7-b60e19f94095,.FannShizu,SELL,BONE,Bone,1,1.32377,1.32377,2025-12-13 16:42:57
24e59259-abb5-4215-9954-84c529a18783,8a2e7a21-cfb5-402d-b780-e5b28f122d7b,.FannShizu,SELL,BONE,Bone,1,1.3225099999999999,1.3225099999999999,2025-12-13 16:43:18
e446d49a-a028-4f94-a183-b36020c491a2,0aac4ae6-24fa-435c-b755-b46c9b2ef9d1,.FannShizu,SELL,BONE,Bone,1,1.3212499999999998,1.3212499999999998,2025-12-13 16:43:18
016c9723-5f26-4869-9ee8-3336a0ff715e,71efebcb-7f81-45e9-a990-67c8214483a8,.FannShizu,SELL,BONE,Bone,1,1.3199899999999998,1.3199899999999998,2025-12-13 16:43:18
345c531f-c130-45b9-bdc5-e5afc775f121,4610999c-f802-4ac1-9073-ee53fd745283,.FannShizu,SELL,BONE,Bone,1,1.31873,1.31873,2025-12-13 16:43:18
69c25a2e-9cd8-4b4e-8db5-61518d76dfa8,01fb7891-1026-4480-bef8-30858f7fd486,.FannShizu,SELL,BONE,Bone,1,1.31747,1.31747,2025-12-13 16:43:18
5ff594df-96db-43ee-9e2c-5450242480bb,3dbe9b50-8874-4dd7-8738-9dd366054111,.FannShizu,SELL,BONE,Bone,1,1.3162099999999999,1.3162099999999999,2025-12-13 16:43:18
58b8e2f1-31b3-43e9-b94d-e450e1201cec,b10ac806-dda0-4c52-afe2-be7077c1d264,.FannShizu,SELL,BONE,Bone,1,1.31495,1.31495,2025-12-13 16:43:18
0faf508d-f175-43cf-a4a8-4a374b13e6f8,d2197b7b-004d-4a6b-a19b-2f8801f117b3,.FannShizu,SELL,BONE,Bone,1,1.31369,1.31369,2025-12-13 16:43:18
6e60ff6d-d776-453f-aedb-8186213a34cb,184957aa-1187-4f97-8c11-b175b16fd502,.FannShizu,SELL,BONE,Bone,1,1.31243,1.31243,2025-12-13 16:43:18
4e48b825-ff2e-4c74-90cd-0803d877e376,3462b451-15e6-41b8-a2e9-b656c7f00c85,.FannShizu,SELL,BONE,Bone,1,1.31117,1.31117,2025-12-13 16:43:18
ca90c2fa-e348-4585-aa28-ba845c28278d,8b6d9443-f1c1-4730-8569-82b442cda64c,.FannShizu,SELL,BONE,Bone,1,1.30991,1.30991,2025-12-13 16:43:18
8d0fee66-6cb8-4329-b69b-64de962de60c,076a8c37-e2ae-400f-aa66-bec184989f25,.FannShizu,SELL,BONE,Bone,1,1.3086499999999999,1.3086499999999999,2025-12-13 16:43:18
bcfd003d-d646-4482-aee8-a5bc992a0821,9b2e1394-b52b-472b-8369-cbd121efea22,.FannShizu,SELL,BONE,Bone,1,1.3073899999999998,1.3073899999999998,2025-12-13 16:43:20
27fec340-5760-47df-9c9c-f03b38206b4d,e62d2619-5014-474f-b786-ad1e269dd381,.FannShizu,SELL,BONE,Bone,1,1.3061299999999998,1.3061299999999998,2025-12-13 16:43:20
401452f2-4268-4530-b3a3-db7875b93e06,e8da2452-b3d1-46c2-82a1-03f2e2536a03,.FannShizu,SELL,BONE,Bone,1,1.30487,1.30487,2025-12-13 16:43:20
9c9a09a0-c207-4491-8cd2-dd257f569810,c6f636d0-94a8-4529-bc9e-24e9326ce683,.FannShizu,SELL,BONE,Bone,1,1.30361,1.30361,2025-12-13 16:43:20
3be5ccdf-fb5b-4898-8361-f78f06a8ea42,0c6e8e81-82ea-4a26-8f87-de7134973caf,.FannShizu,SELL,BONE,Bone,1,1.30235,1.30235,2025-12-13 16:43:20
eed3a344-f656-4b55-8b30-dc2f7f8c0d7a,044abc59-464c-440f-a88c-a764da92356f,.FannShizu,SELL,BONE,Bone,1,1.3010899999999999,1.3010899999999999,2025-12-13 16:43:20
9c61e711-48b1-4c04-8ff8-64f829395804,d0705abf-beaa-426c-b1d5-8e949c4d43b5,.FannShizu,SELL,BONE,Bone,1,1.2998299999999998,1.2998299999999998,2025-12-13 16:43:20
beda7f63-6e2d-47ed-8652-50386465750a,6b58041f-09e3-4b7f-95db-da65c7d867cc,.FannShizu,SELL,BONE,Bone,1,1.29857,1.29857,2025-12-13 16:43:20
4ca2d050-261e-40c6-ba32-56a0fd5b1585,ff62e9f0-af3a-44a6-9ad6-7790d018e6f5,.FannShizu,SELL,BONE,Bone,1,1.29731,1.29731,2025-12-13 16:43:20
a9518db7-8131-4bc1-89a7-8e18e7f3bde4,43f8dd93-6781-4d80-85d8-0d18ba6aa328,.FannShizu,SELL,BONE,Bone,1,1.29605,1.29605,2025-12-13 16:43:21
317a9617-4cea-40ff-8890-75d0c0605fb0,9bb96c12-b690-46b0-b3c8-05fb3531a8b8,.FannShizu,SELL,BONE,Bone,1,1.2947899999999999,1.2947899999999999,2025-12-13 16:43:22
80b15a00-8cd1-46a1-8311-f34a930dc2a2,3624da8a-73af-498b-a60a-595501e8b27c,.FannShizu,SELL,BONE,Bone,1,1.29353,1.29353,2025-12-13 16:43:24
a6fda5c8-38f9-47a3-a60c-f5a46232a4c0,818bcb84-14f1-41ba-92c5-4ace4b4d8eb9,.FannShizu,SELL,BONE,Bone,1,1.29227,1.29227,2025-12-13 16:43:24
82bb8b1b-f2d1-4b84-9b8d-20d01d8487fe,5b891b42-37b0-4fa9-90aa-1fb729e2ad5d,.FannShizu,SELL,BONE,Bone,1,1.29101,1.29101,2025-12-13 16:43:24
f8270195-764f-4426-8349-095d6ad8c1ca,aab0ea17-f292-466d-aff1-277fc4a9adf2,.FannShizu,SELL,BONE,Bone,1,1.28975,1.28975,2025-12-13 16:43:24
17b515be-8f34-4174-a121-3d874a1590ad,0fbb4b1e-3525-4c00-96a3-0c75ecd0ec74,.FannShizu,SELL,BONE,Bone,1,1.28849,1.28849,2025-12-13 16:43:24
08cd16d0-a9f5-4c06-b169-952234b57352,5bc021ed-bad6-49f9-981a-079fd44d824f,.FannShizu,SELL,BONE,Bone,1,1.2872299999999999,1.2872299999999999,2025-12-13 16:43:24
88686535-0cb7-421a-9f7b-e86284d30e58,c9057010-0b3b-4143-b966-82341f104e08,.FannShizu,SELL,BONE,Bone,1,1.2859699999999998,1.2859699999999998,2025-12-13 16:43:24
95cf4e68-f315-44dd-bfc9-ec6878841617,b0992e4e-7572-4591-b9e3-29b5cdbf0c94,.FannShizu,SELL,BONE,Bone,1,1.2847099999999998,1.2847099999999998,2025-12-13 16:43:24
c296c94f-ed28-4656-a38f-d4388a0913ee,1e8da3a9-5db7-4aa0-9a5c-ad41f110d2fa,.FannShizu,SELL,BONE,Bone,1,1.2834499999999998,1.2834499999999998,2025-12-13 16:43:24
3e1fbcd3-e45c-40ef-acec-8a2f9d2dcaa3,32ff97b6-5e9b-4349-b01c-7b37c24ffc1a,.FannShizu,SELL,BONE,Bone,1,1.28219,1.28219,2025-12-13 16:43:25
e983905c-8d4f-4a2b-9dc0-1e4b68312ec5,91733091-345f-40d2-9067-c0dd131d2401,.FannShizu,SELL,BONE,Bone,1,1.28093,1.28093,2025-12-13 16:43:25
2bbefe83-a184-4378-8f86-c2405ee24a21,46573d25-9070-4d3d-ae89-12ea9584422b,.FannShizu,SELL,BONE,Bone,1,1.2796699999999999,1.2796699999999999,2025-12-13 16:43:25
7745edfb-c41a-4be8-a8f0-3ca06553c609,9a0aba27-624c-43c2-8a08-a47974abadad,.FannShizu,SELL,BONE,Bone,1,1.27841,1.27841,2025-12-13 16:43:25
efa93ba9-632e-47d3-88c5-709e961a8349,f75611f6-e6f1-4e8e-807d-7646f4137baa,.FannShizu,SELL,BONE,Bone,1,1.27715,1.27715,2025-12-13 16:43:25
f58e57d8-9c39-4389-8c81-ebcb2aa9b8bd,a8f54fd6-f6a4-4c7d-abb9-7c8073aa4fd1,.FannShizu,SELL,BONE,Bone,1,1.27589,1.27589,2025-12-13 16:43:25
3b1d33b1-6ba5-4c0f-bc5d-a26146b62ee2,ffbc0711-d01a-4e9e-baf0-4c9148de2c0c,.FannShizu,SELL,BONE,Bone,1,1.27463,1.27463,2025-12-13 16:43:25
9dc92177-758a-43c4-89ee-03c0ff9e526d,b66e90c3-fc8a-40c8-9a9b-9663154e8932,.FannShizu,SELL,BONE,Bone,1,1.27337,1.27337,2025-12-13 16:43:25
2644caf5-78da-42a7-addc-406a0b4c9895,d79b3bac-41e7-4e0b-8a68-b7be73f892fe,.FannShizu,SELL,BONE,Bone,1,1.2721099999999999,1.2721099999999999,2025-12-13 16:43:25
c682bbf6-59e9-4702-8512-e23a25d9c851,95f4db58-aeaa-4796-a721-30387c98a3fa,.FannShizu,SELL,BONE,Bone,1,1.27085,1.27085,2025-12-13 16:43:25
b0407857-2c46-41c4-b6ac-52a7bebbf5d1,785c8ae6-282a-472a-af4b-5c275917ea8d,.FannShizu,SELL,BONE,Bone,1,1.2695899999999998,1.2695899999999998,2025-12-13 16:43:25
8e801d58-27d2-4699-8f35-ef30d8dff4e6,2258a232-1655-48d8-b22c-6e46a8a0b36a,.FannShizu,SELL,BONE,Bone,1,1.26833,1.26833,2025-12-13 16:43:27
e35a6274-7060-433f-9609-0cab9bd0e100,1d68dc68-e7fb-40ec-a9c8-0ec5e3baaa3b,.FannShizu,SELL,BONE,Bone,1,1.26707,1.26707,2025-12-13 16:43:27
020f9eb9-cb10-401a-af13-818c971c0209,8f0386cc-8b16-40a6-8610-5e22cd2015b2,.FannShizu,SELL,BONE,Bone,1,1.2658099999999999,1.2658099999999999,2025-12-13 16:43:27
501bd623-eb0b-4b11-9c0f-372e8f137693,816b4ada-380b-4224-a09c-573e99efcbfa,.FannShizu,SELL,BONE,Bone,1,1.2645499999999998,1.2645499999999998,2025-12-13 16:43:27
afcfb853-47ea-4eb8-9c35-7ec170e6b83e,af8f558c-b1d1-4675-a2ba-42b07c9bcbbc,.FannShizu,SELL,BONE,Bone,1,1.2632899999999998,1.2632899999999998,2025-12-13 16:43:27
70bef08a-7be5-4169-aad7-721629d9a44c,9684dbb5-a240-4ca0-bb6a-e81aea6cc9d8,.FannShizu,SELL,BONE,Bone,1,1.26203,1.26203,2025-12-13 16:43:27
f55c45b0-fc1b-4e94-bdfa-e50343cb2bbd,5cd83d09-bc22-43a9-bea4-4bb1c15db160,.FannShizu,SELL,BONE,Bone,1,1.26077,1.26077,2025-12-13 16:43:27
781f6fbe-63aa-45eb-a9b3-b84de381685c,534bc734-35f6-4e58-929a-40f6e90e15a8,.FannShizu,SELL,BONE,Bone,1,1.25951,1.25951,2025-12-13 16:43:30
58371967-4c73-4ccd-925d-86616f39f2f8,373e0388-5cc9-4d27-8d47-c0013a52994d,.FannShizu,SELL,BONE,Bone,1,1.2582499999999999,1.2582499999999999,2025-12-13 16:43:30
415c2064-bf2e-4f07-b18e-dc94d1511ddf,851548c6-5d36-4513-ab4e-0a612430fcac,.FannShizu,SELL,BONE,Bone,1,1.25699,1.25699,2025-12-13 16:43:30
9d0286ff-8178-433c-a874-f27cb1ea072c,de5709db-40d3-4c6e-9140-86b97a55c09e,.FannShizu,SELL,BONE,Bone,1,1.25573,1.25573,2025-12-13 16:43:30
d6b61e71-d994-42a2-89c0-b4e6ddc273da,e6550d91-d192-416a-baf3-3302e88f1dd8,.FannShizu,SELL,BONE,Bone,1,1.25447,1.25447,2025-12-13 16:43:33
50542a88-ed59-4e3c-946f-658590eaad0e,a5ac85c1-aa8b-4245-ad85-e00998fffd76,.FannShizu,SELL,BONE,Bone,1,1.25321,1.25321,2025-12-13 16:43:33
3cda6aa4-9858-404d-a5bf-0b60820405bf,ff8a8a92-5f1a-4186-bf82-17d1bf5b4e60,.FannShizu,SELL,BONE,Bone,1,1.25195,1.25195,2025-12-13 16:43:33
2e48b8aa-1936-4f1c-9ec6-267a08df5795,2d332529-dfda-47a9-82a7-a314d212de98,.FannShizu,SELL,BONE,Bone,1,1.2506899999999999,1.2506899999999999,2025-12-13 16:43:33
d2203708-4c7e-471b-bc30-fe59c4875d2a,e713e962-7f0d-4ee4-aef9-8286c9d325fb,.FannShizu,SELL,BONE,Bone,1,1.2494299999999998,1.2494299999999998,2025-12-13 16:43:33
7cab1825-f576-4859-939a-acc1f0c24b1f,ff0b40ec-42c7-467c-96ae-a4b3ec97a28e,.FannShizu,SELL,BONE,Bone,1,1.2481699999999998,1.2481699999999998,2025-12-13 16:43:33
87d0d887-48e5-445c-a484-10f7f8e1b916,71f1b8a6-a869-4e92-a908-e6389f780bba,.FannShizu,SELL,BONE,Bone,1,1.2469099999999997,1.2469099999999997,2025-12-13 16:43:33
c9806b40-b606-46eb-bef4-9b5b652e6d49,41590199-735d-431f-a83b-2fdda21919ea,.FannShizu,SELL,BONE,Bone,1,1.24565,1.24565,2025-12-13 16:43:33
9a255557-949d-4251-a8c9-f291d6b3b8d8,7fb12e83-b0b9-4f3e-8788-f92d11c2cda2,.FannShizu,SELL,BONE,Bone,1,1.2443899999999999,1.2443899999999999,2025-12-13 16:43:33
92f6cca3-a066-4fa9-8595-a48a60b1df84,e01a47da-aace-483f-9deb-8490baf7cfa2,.FannShizu,SELL,BONE,Bone,1,1.2431299999999998,1.2431299999999998,2025-12-13 16:43:34
14a4e9f3-2387-4543-ab4d-f7b459385e3e,9bf917e6-452c-4aff-a629-f72b88891e65,.FannShizu,SELL,BONE,Bone,1,1.24187,1.24187,2025-12-13 16:43:34
6a9ae2ff-225a-4818-805a-b6a3d07452d3,cfa097da-b624-496b-b148-9294898ca325,.FannShizu,SELL,BONE,Bone,1,1.24061,1.24061,2025-12-13 16:43:34
d0c86b29-9b14-47ec-ab14-80ce9376214d,94cdb51b-ffb7-4519-8dc8-d9b1e35e316a,.FannShizu,SELL,BONE,Bone,1,1.23935,1.23935,2025-12-13 16:43:34
62dcad35-ffae-4e1b-b5d0-76ade492bf07,5842efd3-e61e-401d-b9d0-af9993317a87,.FannShizu,SELL,BONE,Bone,1,1.23809,1.23809,2025-12-13 16:43:34
6491e2a2-e2b5-4b3d-9b5c-b3b6358cb4cd,2e8726f6-d728-40e5-88d9-bf5e5b0f4654,.FannShizu,SELL,BONE,Bone,1,1.2368299999999999,1.2368299999999999,2025-12-13 16:43:34
64441166-257d-4571-b37e-c63888c511cf,58b387fd-0e2a-4a7d-b399-b83e109960ef,.FannShizu,SELL,BONE,Bone,1,1.2355699999999998,1.2355699999999998,2025-12-13 16:43:34
b5224159-b210-46b9-b288-72f43eec14d3,669f37d8-c041-4769-86bf-950a579790e0,.FannShizu,SELL,BONE,Bone,1,1.23431,1.23431,2025-12-13 16:43:34
223083ab-0382-456d-b29f-9fade5b09d54,7ed03b84-98a3-40a2-8e4b-e9c4578efd24,.FannShizu,SELL,BONE,Bone,1,1.23305,1.23305,2025-12-13 16:43:34
0a617be6-5ff7-4dc9-b007-ca9ddc51ff33,db65e00b-be98-44d7-b86d-2f2cc78e9712,.FannShizu,SELL,BONE,Bone,1,1.23179,1.23179,2025-12-13 16:43:34
477ab924-092d-47c3-9058-4f2b98316b1e,6da44b95-d8df-49d7-bd76-ca15a9717b4e,.FannShizu,SELL,BONE,Bone,1,1.23053,1.23053,2025-12-13 16:43:34
7e3e5ccf-d6c1-49da-a346-fca333558f3a,260c3788-046e-4a23-b085-26fad71e2789,.FannShizu,SELL,BONE,Bone,1,1.2292699999999999,1.2292699999999999,2025-12-13 16:43:34
19f69483-886c-42ae-8330-0459522ff2f5,66d9a31c-d075-469c-ae3b-83fe11ae0d2b,.FannShizu,SELL,BONE,Bone,1,1.2280099999999998,1.2280099999999998,2025-12-13 16:43:36
3e8d66b1-ba53-4d4f-8363-eec4d04d6fae,c70c606c-2be1-42a8-a2aa-c4ae482ef98d,.FannShizu,SELL,BONE,Bone,1,1.2267499999999998,1.2267499999999998,2025-12-13 16:43:36
77050cec-05f8-41c5-a413-973fd585fd31,351e413c-082e-4a33-979f-20826e9dbb44,.FannShizu,SELL,BONE,Bone,1,1.22549,1.22549,2025-12-13 16:43:36
e777fc56-943b-41d9-b65c-22b90523b839,d19c561b-4768-4fc2-ab4b-4b5acb86c505,.FannShizu,SELL,BONE,Bone,1,1.22423,1.22423,2025-12-13 16:43:36
42796edf-ec1a-46ba-adda-33c19a37beb5,26c15e7c-2459-46a6-98bf-53eb0d78a241,.FannShizu,SELL,BONE,Bone,1,1.22297,1.22297,2025-12-13 16:43:36
d9c4c2b0-8ec1-425e-ad42-d8eafbf5823c,120ed1d7-aec5-4ad8-be41-77cd36d175fc,.FannShizu,SELL,BONE,Bone,1,1.2217099999999999,1.2217099999999999,2025-12-13 16:43:36
76c2f2d0-5bf3-4e80-8f69-aa855c1a6648,39501228-714d-46e4-9283-8653b519c5a2,.FannShizu,SELL,BONE,Bone,1,1.22045,1.22045,2025-12-13 16:43:36
6f201caf-d974-430e-bbdf-a153c3a58e3e,b903a87f-17e4-4775-8b6f-29b71d1e5950,.FannShizu,SELL,BONE,Bone,1,1.21919,1.21919,2025-12-13 16:43:36
b9f53c5c-7508-4ad8-95cb-339949a92bb6,62ac83bf-a29c-4b8f-b78b-a7effc8928f3,.FannShizu,SELL,BONE,Bone,1,1.21793,1.21793,2025-12-13 16:43:36
e032f457-209d-4398-b011-c8ab5b2d00b2,6a8e7c80-ac94-4f47-a558-ef7c418a6227,.FannShizu,SELL,BONE,Bone,1,1.21667,1.21667,2025-12-13 16:43:37
7a9e5e7a-706a-4eaf-acb2-1e6487fbd8e6,b2a61676-c039-4e75-8df4-c86aa2556d8e,.FannShizu,SELL,BONE,Bone,1,1.2154099999999999,1.2154099999999999,2025-12-13 16:43:37
62bc1d64-285b-431d-8449-4826c5e90b6a,e72f6c29-2896-49f8-beb1-c95ddac5e33c,.FannShizu,SELL,BONE,Bone,1,1.2141499999999998,1.2141499999999998,2025-12-13 16:43:37
c46b3aa6-d113-4a9f-9ef6-70548f99e634,e4374279-6f50-4e33-a4ce-c4c55cc0d410,.FannShizu,SELL,BONE,Bone,1,1.2128899999999998,1.2128899999999998,2025-12-13 16:43:37
9ee8eb0c-530d-44d7-a95f-ca4d07b7dfbc,c0ab7021-0c97-4b41-8cc6-26b5543ce3fa,.FannShizu,SELL,BONE,Bone,1,1.21163,1.21163,2025-12-13 16:43:37
5488c281-06ea-4b2e-95fd-2e272bd5b1ec,9c064803-bd2c-4f72-994a-b9bdccd8b854,.FannShizu,SELL,BONE,Bone,1,1.2103699999999997,1.2103699999999997,2025-12-13 16:43:40
fed042d3-dbce-4b82-a256-7966a5a71955,e7365d96-b1df-4095-8032-5cfd40c18110,.FannShizu,SELL,BONE,Bone,1,1.20911,1.20911,2025-12-13 16:43:40
4bacbe9f-4e70-4d4a-90dc-83b9318face2,54c4b232-82e4-497b-8d04-9365f158418d,.FannShizu,SELL,BONE,Bone,1,1.2078499999999999,1.2078499999999999,2025-12-13 16:43:40
374aa0b4-08ea-4c56-940d-7c8919200305,bd8d4394-bed7-47d9-ab92-ff13513ec9c3,.FannShizu,SELL,BONE,Bone,1,1.2065899999999998,1.2065899999999998,2025-12-13 16:43:42
5cc10dbd-1890-4ee0-be2a-5f606ce47f14,d08124fb-5d56-47dd-8fff-b38e95fe9d23,.FannShizu,SELL,BONE,Bone,1,1.20533,1.20533,2025-12-13 16:43:42
540677f3-0905-43af-9ece-b2da99af936d,590c8cdf-4f88-47f3-bf2d-79df7f224e2d,.FannShizu,SELL,BONE,Bone,1,1.20407,1.20407,2025-12-13 16:43:42
5fc01cf7-aa17-43f9-adcd-56a1a25a96a5,e05d1a27-0e6e-46f6-bdba-b2877d90cd44,.FannShizu,SELL,BONE,Bone,1,1.20281,1.20281,2025-12-13 16:43:42
ab3603eb-c5f0-4d93-be9b-61cbc5975759,ba2732ec-97b1-4b9f-bf09-91219b245e48,.FannShizu,SELL,BONE,Bone,1,1.20155,1.20155,2025-12-13 16:43:42
29c7e21b-558c-4dfa-b245-36e6711cbdc8,79af421c-1dcf-49ab-b0f0-b17e82073c7f,.FannShizu,SELL,BONE,Bone,1,1.20029,1.20029,2025-12-13 16:43:42
f469bda4-9d04-41c4-9e01-3b938e5b5635,a3be3065-10d0-4b84-83ee-9ce491c11545,.FannShizu,SELL,BONE,Bone,1,1.1990299999999998,1.1990299999999998,2025-12-13 16:43:42
028384e0-e3f9-422d-a77e-eb1680d355f4,8a1cdefc-01fb-4dad-bc59-24ce16dcad40,.FannShizu,SELL,BONE,Bone,1,1.19777,1.19777,2025-12-13 16:43:42
88ef6977-fe9c-401d-8566-00af6b2facca,763062b9-7d8b-470c-bea0-8b362f8cd5d9,.FannShizu,SELL,BONE,Bone,1,1.19651,1.19651,2025-12-13 16:43:42
1211d174-0d9d-470a-835d-d6c9433bbab7,8f184040-1c3d-48e8-ab29-561534dfe0fa,.FannShizu,SELL,BONE,Bone,1,1.19525,1.19525,2025-12-13 16:43:43
ca7cebec-f03f-4561-a676-271b1e1ba87f,2fa2478b-c9fc-43e2-809e-9b851504be77,.FannShizu,SELL,BONE,Bone,1,1.1939899999999999,1.1939899999999999,2025-12-13 16:43:43
f6d426bf-155d-4112-ad64-4d47676ff170,eb2344de-f4fd-41e6-845b-088f9daccf17,.FannShizu,SELL,BONE,Bone,1,1.1927299999999998,1.1927299999999998,2025-12-13 16:43:43
bac6c60e-3cc5-4c40-8e31-d0c8033dd648,edbfdfcf-4fd7-4a9f-b467-75956b7c1e2f,.FannShizu,SELL,BONE,Bone,1,1.1914699999999998,1.1914699999999998,2025-12-13 16:43:43
808294f6-3315-48a8-9979-d28418c66ab8,48316f1f-e9a2-43a4-bb50-c30c407a4bba,.FannShizu,SELL,BONE,Bone,1,1.1902099999999998,1.1902099999999998,2025-12-13 16:43:43
272ebbfc-9194-4836-a0c2-c34442c83a8c,e8235014-4c62-4ed4-a8fc-dd501737b66b,.FannShizu,SELL,BONE,Bone,1,1.18895,1.18895,2025-12-13 16:43:43
9d9b06d7-c2e0-47aa-bb42-7497776e0e28,e96f4c08-cac4-423c-b70e-5d866b198ee6,.FannShizu,SELL,BONE,Bone,1,1.18769,1.18769,2025-12-13 16:43:43
77da7d9c-d47f-4535-951e-6417d9662a2d,34ac4edc-06d6-4703-80a5-613ad110b9db,.FannShizu,SELL,BONE,Bone,1,1.1864299999999999,1.1864299999999999,2025-12-13 16:43:43
ef4f37a8-ed1c-40a5-bf25-c584205c6251,7fec08bd-652b-4e63-bcfe-092f91ca34ee,.FannShizu,SELL,BONE,Bone,1,1.1851699999999998,1.1851699999999998,2025-12-13 16:43:43
4f935230-6f70-4da0-86f8-7a22ddde39ba,e8808eb7-5bd0-4b19-ac75-dfdb716fbede,.FannShizu,SELL,BONE,Bone,1,1.18391,1.18391,2025-12-13 16:43:43
4d98d6a6-ecf6-46ea-96e6-014a889064a5,07a93209-380a-4f64-bebf-6069b66e284f,.FannShizu,SELL,BONE,Bone,1,1.18265,1.18265,2025-12-13 16:43:43
1b901446-8b0f-4590-94a4-e2873ba79784,eb512fb2-89b8-420b-aefa-42e62df3b6b1,.FannShizu,SELL,BONE,Bone,1,1.18139,1.18139,2025-12-13 16:43:43
8179b178-1d21-4131-afb6-5b298ba776d1,82ac0e1a-2aa1-4757-8403-821e87b20995,.FannShizu,SELL,BONE,Bone,1,1.18013,1.18013,2025-12-13 16:43:43
635c2a64-ff65-4dd4-a917-d3ba6872fe02,9ece8d35-a4fb-4e3f-bedc-66eeb02a069a,.FannShizu,SELL,BONE,Bone,1,1.1788699999999999,1.1788699999999999,2025-12-13 16:43:43
232d7ff1-2da0-4b82-a14d-fdcd1aa14b3b,1653df88-aa5a-4239-b9bc-92e81ac5bf5f,.FannShizu,SELL,BONE,Bone,1,1.17761,1.17761,2025-12-13 16:43:45
355dc76d-1f7a-4d25-ac36-3caff06aadcf,532f3a41-f5fa-42bd-b073-1b9123a8ad95,.FannShizu,SELL,BONE,Bone,1,1.1763499999999998,1.1763499999999998,2025-12-13 16:43:45
8107e354-21fe-48ba-b342-39e68ba147a4,f89770aa-da33-41a2-84d1-89e850ec05d8,.FannShizu,SELL,BONE,Bone,1,1.17509,1.17509,2025-12-13 16:43:45
96954f8f-2701-4aee-99e1-03e75125d8f7,a87c5ab7-e39f-43f3-bfe3-315684a86b74,.FannShizu,SELL,BONE,Bone,1,1.17383,1.17383,2025-12-13 16:43:45
ca16024f-213d-499f-a0ab-7f892a9c7cdc,f933fd63-094f-4710-9f08-4cb439bf3ce1,.FannShizu,SELL,BONE,Bone,1,1.17257,1.17257,2025-12-13 16:43:45
76e311ad-ee2a-4210-be28-0a80678a877f,b3b00434-7102-4720-a898-904ae28c679e,.FannShizu,SELL,BONE,Bone,1,1.1713099999999999,1.1713099999999999,2025-12-13 16:43:45
bbddcada-1f81-4ff6-afbf-a7051ed489b8,70b64ef8-d8b0-4531-8cda-f78c0bb1edaf,.FannShizu,SELL,BONE,Bone,1,1.1700499999999998,1.1700499999999998,2025-12-13 16:43:45
60e61465-781b-40dd-b1ec-02f53aeebaad,8149c2c1-92d3-4f78-89bc-45b322b24d71,.FannShizu,SELL,BONE,Bone,1,1.16879,1.16879,2025-12-13 16:43:46
45f3179c-fb41-48a6-b92b-40b38d4ec1c9,8e3eca20-0836-4388-b267-6ea9b6dafc82,.FannShizu,SELL,BONE,Bone,1,1.16753,1.16753,2025-12-13 16:43:48
274d08fa-b00d-48e0-a39d-23252ee39157,b6485b2f-9c20-4f81-85e8-0c790ca5933f,.FannShizu,SELL,BONE,Bone,1,1.16627,1.16627,2025-12-13 16:43:48
14b54e01-5525-4660-8c74-c5c7b00910d9,b02cbf53-192a-49e7-b528-cb1b36b8eb69,.FannShizu,SELL,BONE,Bone,1,1.1650099999999999,1.1650099999999999,2025-12-13 16:43:48
fbd813a8-11c9-4b82-bab3-250de4fd69d9,90de2a47-6361-4217-b832-b03c771e8874,.FannShizu,SELL,BONE,Bone,1,1.16375,1.16375,2025-12-13 16:43:48
32e9fd2e-d675-4a4b-993d-761f50fe36d2,852ee366-81e8-4993-bb9b-7c3b7e95216a,.FannShizu,SELL,BONE,Bone,1,1.16249,1.16249,2025-12-13 16:43:48
bc953cab-eb7d-4179-a817-029fb12bc0f3,ba1bdc02-18a4-4e57-8b92-20fb4bb04ad1,.FannShizu,SELL,BONE,Bone,1,1.16123,1.16123,2025-12-13 16:43:50
f48e2acf-05e9-4c47-bc00-2e6c166386af,eb876f3d-6b09-4851-ad0e-c85f2b448927,.FannShizu,SELL,BONE,Bone,1,1.15997,1.15997,2025-12-13 16:43:50
8f04f902-c328-4308-8bb2-67233eb20002,f9ad9347-450c-4058-97c1-fb3f13ab365c,.FannShizu,SELL,BONE,Bone,1,1.15871,1.15871,2025-12-13 16:43:50
6bc928cc-911b-49ba-833e-ab6965967b0d,31b2662f-5a86-4b1d-8685-cc43900aaa3c,.FannShizu,SELL,BONE,Bone,1,1.1574499999999999,1.1574499999999999,2025-12-13 16:43:50
a126b8f4-ded0-435f-8380-28a3d7e188a0,56619135-5f99-4daf-b1cb-4be66ffc3f7a,.FannShizu,SELL,BONE,Bone,1,1.1561899999999998,1.1561899999999998,2025-12-13 16:43:50
d02a8e7c-4120-49bb-87cd-c90eb4f743b1,8af689a3-9a47-46bd-bc80-1e2fcbb67b6b,.FannShizu,SELL,BONE,Bone,1,1.1549299999999998,1.1549299999999998,2025-12-13 16:43:50
7a8b7993-1622-4fda-b973-2ecf2977a911,60aef5fd-ed5c-4290-b9f5-0d931fa5f098,.FannShizu,SELL,BONE,Bone,1,1.1536699999999998,1.1536699999999998,2025-12-13 16:43:52
c8067d38-47af-419e-a50b-47673e4f97a2,8a4ca34c-f5bf-4324-af8b-9d9450a229d6,.FannShizu,SELL,BONE,Bone,1,1.15241,1.15241,2025-12-13 16:43:52
d373fe17-fe5f-4551-b80c-f2f15c921d9d,52ea5082-a422-4202-8eae-febfb404fe61,.FannShizu,SELL,BONE,Bone,1,1.15115,1.15115,2025-12-13 16:43:52
2d072a66-5715-4cf7-b0b4-631463b779b7,6f5fed3a-5b95-48a0-8263-97980b067751,.FannShizu,SELL,BONE,Bone,1,1.1498899999999999,1.1498899999999999,2025-12-13 16:43:52
49144afb-258f-49d5-8de4-e0d58411b80e,8944b822-86c5-4f93-8758-1473073d31d6,.FannShizu,SELL,BONE,Bone,1,1.14863,1.14863,2025-12-13 16:43:52
33ea755b-48c3-4353-84b3-42f33705f4e8,fe6ed821-3424-4a73-8884-5c24bdc8cef2,.FannShizu,SELL,BONE,Bone,1,1.14737,1.14737,2025-12-13 16:43:52
e9e6a783-a6ac-43f6-b35d-aae71f0ec07e,67480a0a-a1d0-4fb5-bcf5-6f96fb8feae8,.FannShizu,SELL,BONE,Bone,1,1.14611,1.14611,2025-12-13 16:43:52
a72810ae-58bd-4a24-9d67-5ad49c295f9e,4e4f0b68-ff83-4cdd-acaf-7b44526d3e08,.FannShizu,SELL,BONE,Bone,1,1.14485,1.14485,2025-12-13 16:43:52
999c2682-1473-4490-a5bc-c3f44e9884a9,d1a37bb5-a3de-489b-bbf0-35f9efa5c45e,.FannShizu,SELL,BONE,Bone,1,1.1435899999999999,1.1435899999999999,2025-12-13 16:43:52
ae94775c-c325-4244-8cd8-ae93dc9b0e07,1a996528-76d4-4e66-b701-208d77a7c575,.FannShizu,SELL,BONE,Bone,1,1.1423299999999998,1.1423299999999998,2025-12-13 16:43:52
98f287eb-45f2-4b2a-8c6e-fa11c14d3198,4c38c6c7-f44f-4b4d-8f02-396a42794c78,.FannShizu,SELL,BONE,Bone,1,1.14107,1.14107,2025-12-13 16:43:54
52bbd469-2a98-4265-8f75-76c24de8e651,2f69004f-fa28-4540-b6f1-6a9b389213cd,.FannShizu,SELL,BONE,Bone,1,1.13981,1.13981,2025-12-13 16:43:54
b1249a7d-a670-4ce3-b898-716cabf3c482,0a4e552f-63e0-49a1-9f1b-7d24e08a88b2,.FannShizu,SELL,BONE,Bone,1,1.13855,1.13855,2025-12-13 16:43:54
880d949d-6b98-4c2a-b1c6-257048b89e41,3063b239-d1ad-4aae-b76c-d8be27c968d6,.FannShizu,SELL,BONE,Bone,1,1.13729,1.13729,2025-12-13 16:43:54
f34f24e3-7af5-4499-bec1-8fe5705ed301,4327ce9c-e6d4-4a39-97ee-298335b9f22e,.FannShizu,SELL,BONE,Bone,1,1.1360299999999999,1.1360299999999999,2025-12-13 16:43:54
5b77e2e9-7b7f-46b0-bce3-49d4145e4d58,0cdbab83-3c3a-4c8f-8502-2d8b1f6ae70c,.FannShizu,SELL,BONE,Bone,1,1.1347699999999998,1.1347699999999998,2025-12-13 16:43:55
cc6aa7fd-0da6-4f96-9656-7356701431bf,e3a0fcea-d83f-421b-b704-6f3eb1d2edd9,.FannShizu,SELL,BONE,Bone,1,1.1335099999999998,1.1335099999999998,2025-12-13 16:43:55
c049deaa-8c00-4b47-837c-712f129898fa,79d15b45-8b41-431d-b072-19ab97f36ed1,.FannShizu,SELL,BONE,Bone,1,1.13225,1.13225,2025-12-13 16:43:55
a619c3ea-d719-45f9-a301-614fd70bb4f4,38937374-fb28-464c-bf29-b0d1904088af,.FannShizu,SELL,BONE,Bone,1,1.13099,1.13099,2025-12-13 16:43:55
8ba44165-d699-4fc4-8622-db51e5170b84,035f6b3e-e950-4668-99fe-cb337a70a954,.FannShizu,SELL,BONE,Bone,1,1.12973,1.12973,2025-12-13 16:43:57
f18b4b15-f239-4193-a8df-3728780db66a,95293ce5-1a34-4ff7-a8ea-e037dd0fa7a8,.FannShizu,SELL,BONE,Bone,1,1.1284699999999999,1.1284699999999999,2025-12-13 16:43:57
027b41c0-324f-4ae3-a7dd-b0da6548a2c5,c0ba1c0c-a816-4887-b291-eeea360c7b8e,.FannShizu,SELL,BONE,Bone,1,1.12721,1.12721,2025-12-13 16:43:57
bae2dc56-300d-4ee3-afde-040eb6fac82b,ff3d5e68-17ac-4af4-a0e1-d23ae8dcc75c,.FannShizu,SELL,BONE,Bone,1,1.12595,1.12595,2025-12-13 16:43:57
11c1aca8-5773-4a62-9f10-dffd7d5eb679,1c0d43ef-a3ee-4273-847b-026ff9b01026,.FannShizu,SELL,BONE,Bone,1,1.12469,1.12469,2025-12-13 16:43:57
46eb0585-d9f0-4969-8474-d94dc371b7af,c96a2f47-6c66-484b-84e4-8ff261033a9c,.FannShizu,SELL,BONE,Bone,1,1.12343,1.12343,2025-12-13 16:43:57
b4039805-697a-4f0a-9b3d-711bfe736775,2e253be9-102a-44dd-8de1-6b46921bd08e,.FannShizu,SELL,BONE,Bone,1,1.12217,1.12217,2025-12-13 16:43:57
a7050c7c-7a75-42e0-81f8-fcd584fd2f0d,bf9444f3-df4d-4f8a-829b-d9c18b6123e1,.FannShizu,SELL,BONE,Bone,1,1.1209099999999999,1.1209099999999999,2025-12-13 16:43:57
22e71ac9-d8ba-473e-955a-08416bd30c90,bba9aa5a-b9e0-4597-8268-ee65b44869f2,.FannShizu,SELL,BONE,Bone,1,1.1196499999999998,1.1196499999999998,2025-12-13 16:43:59
bb59e44d-d204-47be-8517-b3f6978b8b7c,55011500-079b-4bca-aa7a-3caf6419d705,.FannShizu,SELL,BONE,Bone,1,1.11839,1.11839,2025-12-13 16:43:59
7ac010de-0484-487c-9a6d-b93178af5933,a174aa31-5034-43c7-bfba-c388354abc89,.FannShizu,SELL,BONE,Bone,1,1.1171299999999997,1.1171299999999997,2025-12-13 16:43:59
04d7e5ee-75c9-4b90-98a0-df52060e07a5,16880720-52be-4659-9b4e-9b4f3e7141cd,.FannShizu,SELL,BONE,Bone,1,1.11587,1.11587,2025-12-13 16:43:59
c66227da-e787-48fd-9d6d-8a645bf7b98f,68f8790d-7216-46e9-ba9f-c7cfc37498d6,.FannShizu,SELL,BONE,Bone,1,1.1146099999999999,1.1146099999999999,2025-12-13 16:43:59
859356a8-3ca4-4f1c-b17a-90951f9322d2,00bfec12-74a7-4bc6-806f-93a7e5f407af,.FannShizu,SELL,BONE,Bone,1,1.1133499999999998,1.1133499999999998,2025-12-13 16:43:59
70396bbe-ef27-4768-9d32-24c729cc6216,ffa25281-baef-4ac8-a019-f2d1f3b61df5,.FannShizu,SELL,BONE,Bone,1,1.11209,1.11209,2025-12-13 16:43:59
0feeeca1-cc51-4a2e-8c7b-cff59f7fea95,d9d1b154-f924-4286-bcb9-bcc002fe2fe8,.FannShizu,SELL,BONE,Bone,1,1.11083,1.11083,2025-12-13 16:43:59
71949194-6062-45bb-851e-99c5b7cbc2c3,b8a282c9-7454-463b-9e77-5c407ab46789,.FannShizu,SELL,BONE,Bone,1,1.10957,1.10957,2025-12-13 16:43:59
5c21f0b2-140c-43a2-979f-801e3089d7d9,65a9e945-91d8-45ef-80b7-227db9488b4c,.FannShizu,SELL,BONE,Bone,1,1.10831,1.10831,2025-12-13 16:44:01
df46e21c-b5fb-417f-ab13-9dc7c86dae14,12635b77-ee8b-468a-88b1-df15139d63b5,.FannShizu,SELL,BONE,Bone,1,1.10705,1.10705,2025-12-13 16:44:01
c5a48e0e-e4bd-4b04-bc06-6d2243b21312,189a73f5-d804-4831-acc1-f8824a816123,.FannShizu,SELL,BONE,Bone,1,1.1057899999999998,1.1057899999999998,2025-12-13 16:44:01
f5703e3a-c703-4dbd-adb1-ea92124fe19f,784f2c3a-d2c8-4a2b-8421-dd7e0deac683,.FannShizu,SELL,BONE,Bone,1,1.10453,1.10453,2025-12-13 16:44:01
b2c04167-f0fe-4177-bd32-6f4151871817,4b704440-8dcd-45a1-a042-379241649131,.FannShizu,SELL,BONE,Bone,1,1.1032699999999998,1.1032699999999998,2025-12-13 16:44:02
9266c897-8010-4dd4-b291-32df66c8dada,7e6d24c5-44b6-40e4-813c-a3699d3ae6c4,.FannShizu,SELL,BONE,Bone,1,1.10201,1.10201,2025-12-13 16:44:02
685f06b0-f025-45c1-8868-48263bccb2cd,ebb4743f-8200-4b73-8cb5-0db185d2cdf9,.FannShizu,SELL,BONE,Bone,1,1.10075,1.10075,2025-12-13 16:44:02
ba1c4766-63a0-4649-a53f-e0dcd57dc349,cfea9f0c-6ba0-48f1-9057-ebee6f185812,.FannShizu,SELL,BONE,Bone,1,1.0994899999999999,1.0994899999999999,2025-12-13 16:44:02
e66da860-f41c-49e1-8173-06bcfb0ed1b0,95e9466c-eaf7-4746-a67c-0ecf3774edb5,.FannShizu,SELL,BONE,Bone,1,1.0982299999999998,1.0982299999999998,2025-12-13 16:44:02
df131faf-8038-4981-9ce3-77952e229c90,8c85ea5d-7ec4-40c9-85b9-e9e140f0c7c4,.FannShizu,SELL,BONE,Bone,1,1.0969699999999998,1.0969699999999998,2025-12-13 16:44:02
e9dcdf10-f73b-4e5c-9d26-74121c340d5e,2d36cd38-e86c-45c6-8bff-e3f2161036ed,.FannShizu,SELL,BONE,Bone,1,1.09571,1.09571,2025-12-13 16:44:02
d2e49f1a-87f6-4471-b72d-649dec6dbc37,e4ccc58b-b142-4e90-9047-4316d535a5e3,.FannShizu,SELL,BONE,Bone,1,1.09445,1.09445,2025-12-13 16:44:02
598088af-1428-4194-ae6d-92e2b6327951,98eef055-252c-434c-9690-84ed8202316c,.FannShizu,SELL,BONE,Bone,1,1.0931899999999999,1.0931899999999999,2025-12-13 16:44:02
ce867599-744e-4a86-a7a1-ac756e9e9a5f,c96e0420-f221-4a4e-8eee-32b9b75c7098,.FannShizu,SELL,BONE,Bone,1,1.0919299999999998,1.0919299999999998,2025-12-13 16:44:02
e907431e-517d-401e-876c-54dcea30123f,298d0bfc-c217-4f2e-a9a2-2ab06134dab1,.FannShizu,SELL,BONE,Bone,1,1.09067,1.09067,2025-12-13 16:44:02
5f1cf29e-36d4-4e6f-8250-6c4e1f534ca5,eb2998d1-403e-498a-87ab-2200f0e82526,.FannShizu,SELL,BONE,Bone,1,1.08941,1.08941,2025-12-13 16:44:02
99513e89-e976-4131-bd4e-06c2e2a059aa,6bea1ae4-be8a-4477-ae2c-e397e909b810,.FannShizu,SELL,BONE,Bone,1,1.08815,1.08815,2025-12-13 16:44:04
719bef5f-d731-43a9-a730-ed152d43a577,b774acc3-6d0f-44e3-9fa4-855347000758,.FannShizu,SELL,BONE,Bone,1,1.08689,1.08689,2025-12-13 16:44:04
121b0856-15c1-4164-ac49-2238e4c31b9e,f823b3c5-2ea1-488c-a1d0-0ec1e5af8391,.FannShizu,SELL,BONE,Bone,1,1.0856299999999999,1.0856299999999999,2025-12-13 16:44:04
6ce6bb30-1a7a-4b39-a0e4-ab510169d947,4baa17e8-b00f-42f7-b1aa-79948c052296,.FannShizu,SELL,BONE,Bone,1,1.0843699999999998,1.0843699999999998,2025-12-13 16:44:04
0b866551-5252-4c77-8234-eca8ef3d95d4,1d97255f-15ed-4761-b757-de398ede2e28,.FannShizu,SELL,BONE,Bone,1,1.0831099999999998,1.0831099999999998,2025-12-13 16:44:04
ff85c961-d24a-4d46-9372-4605df425c47,d969acb8-8f65-4db1-9b51-aa86241f64a6,.FannShizu,SELL,BONE,Bone,1,1.08185,1.08185,2025-12-13 16:44:04
3d5176a4-7031-44e6-aa75-ba417904a263,cabf3285-001f-48d0-bca3-71fb4726ba1a,.FannShizu,SELL,BONE,Bone,1,1.0805899999999997,1.0805899999999997,2025-12-13 16:44:04
378ad3a1-a4f5-4806-8840-266e790c074e,993d2b90-d81c-43f0-875a-dc008a44f227,.FannShizu,SELL,BONE,Bone,1,1.07933,1.07933,2025-12-13 16:44:04
54a71525-1170-4bf1-b124-eccdc2045d75,afa5c063-bb09-4f7f-8aa9-fff183d37f9a,.FannShizu,SELL,BONE,Bone,1,1.0780699999999999,1.0780699999999999,2025-12-13 16:44:04
d44482f3-9a4e-4c9f-adf1-279361c7f0a7,c93265cd-065f-47a2-b83e-4074f4377852,.FannShizu,SELL,BONE,Bone,1,1.0768099999999998,1.0768099999999998,2025-12-13 16:44:06
382b8e09-4caa-4922-9e9c-c9e360a0a6e2,fd9c6c91-41cd-4cc0-a589-59946548fe79,.FannShizu,SELL,BONE,Bone,1,1.07555,1.07555,2025-12-13 16:44:08
5352863a-0fad-4ba4-b194-8ec98d66b5d6,7d0a8a03-4413-4154-88ed-a2ec5ce0037c,.FannShizu,SELL,BONE,Bone,1,1.07429,1.07429,2025-12-13 16:44:08
c744e5f8-a7be-4f65-b816-f5b69e709129,42a9bf01-cc83-4210-a117-0e3cb37c7821,.FannShizu,SELL,BONE,Bone,1,1.07303,1.07303,2025-12-13 16:44:08
03c307da-5f15-4b7d-b107-9e3534be9abc,b72c51cd-f401-41d7-b94d-301fb11b58a9,.FannShizu,SELL,BONE,Bone,1,1.07177,1.07177,2025-12-13 16:44:08
313632ba-2c71-441b-8a0e-c766b58682dc,e4e52139-1aab-4dfd-89b0-1b96362de261,.FannShizu,SELL,BONE,Bone,1,1.07051,1.07051,2025-12-13 16:44:08
fcfb7b0a-f4f1-4d5c-945b-ebdb227be2a5,58696111-af2f-4c16-a4ae-976263a70327,.FannShizu,SELL,BONE,Bone,1,1.06925,1.06925,2025-12-13 16:44:08
4d739e24-559c-4641-b450-eca847d75a25,e21aa63d-81ce-46ab-8d24-c33487eb1216,.FannShizu,SELL,BONE,Bone,1,1.06799,1.06799,2025-12-13 16:44:10
daaff5b2-6008-4559-a613-26e11697474d,ec444d7c-7bed-432e-a820-217c50bc246d,.FannShizu,SELL,BONE,Bone,1,1.06673,1.06673,2025-12-13 16:44:10
669066eb-64e3-4f6b-9bc8-a2566371d5a8,0ee7af1c-4ea6-4067-bdac-cda32227901f,.FannShizu,SELL,BONE,Bone,1,1.06547,1.06547,2025-12-13 16:44:10
2a3805d0-0bf4-4b55-aed1-b4fd559aa3d3,f0514f17-7bf9-494f-a1cb-5cd7ce93e90f,.FannShizu,SELL,BONE,Bone,1,1.0642099999999999,1.0642099999999999,2025-12-13 16:44:10
a5e48294-0707-461f-b4ba-3727f0bf13d1,d9ac5fb8-2d17-493e-8964-4e2445f96ab9,.FannShizu,SELL,BONE,Bone,1,1.0629499999999998,1.0629499999999998,2025-12-13 16:44:10
636bdb8b-ae76-4f8f-900e-fef6d3880488,ff230b8b-5b1b-4d11-85ae-ec60ea32828d,.FannShizu,SELL,BONE,Bone,1,1.0616899999999998,1.0616899999999998,2025-12-13 16:44:10
2d3a2a92-008b-4fbd-b3b2-4c4c39aa6913,4b846301-ade3-472b-8404-ee55678c0b3b,.FannShizu,SELL,BONE,Bone,1,1.0604299999999998,1.0604299999999998,2025-12-13 16:44:10
78b9c745-0146-4beb-8e1d-e76b77e1461c,9596a027-a344-48f2-8989-1f6dbed6e3d9,.FannShizu,SELL,BONE,Bone,1,1.05917,1.05917,2025-12-13 16:44:10
1ff1c062-df2f-4b21-9e5d-9ed45d4e21d6,3942abd3-5053-488d-970b-8252a4b76b8c,.FannShizu,SELL,BONE,Bone,1,1.05791,1.05791,2025-12-13 16:44:10
f7d52f5e-da0e-4af2-957a-5ce9288743c9,631bacee-6968-42d3-a59b-bc06708605ca,.FannShizu,SELL,BONE,Bone,1,1.0566499999999999,1.0566499999999999,2025-12-13 16:44:10
d3d67673-858f-4a0d-ac62-691a267264cf,bbacba6a-ad97-4c08-9d68-e73854f1913a,.FannShizu,SELL,BONE,Bone,1,1.05539,1.05539,2025-12-13 16:44:10
c2705e03-c574-455d-8fe6-529be7524147,1e1e7d8c-a166-447c-af7c-418cdea7b1e6,.FannShizu,SELL,BONE,Bone,1,1.05413,1.05413,2025-12-13 16:44:12
23d7c3a2-6e82-4ef4-9a46-2ed6af2b1f9b,17f28696-ec0a-43cb-94fc-09cf1ad2d0ee,.FannShizu,SELL,BONE,Bone,1,1.05287,1.05287,2025-12-13 16:44:12
d18770f7-bd3e-4ce6-b6ae-ac89ced9a823,2083ffb9-3ad0-48ec-8dbd-7f65b249c27d,.FannShizu,SELL,BONE,Bone,1,1.05161,1.05161,2025-12-13 16:44:12
fb493516-b204-4494-86fd-7d8fc5d12d95,ba8dfc3d-211a-428b-b12f-6e151c40b020,.FannShizu,SELL,BONE,Bone,1,1.05035,1.05035,2025-12-13 16:44:12
2677e003-bc64-4ebe-a9b9-e776fc158ee0,42e38bb9-ff48-40ed-b808-c3affc5527a5,.FannShizu,SELL,BONE,Bone,1,1.0490899999999999,1.0490899999999999,2025-12-13 16:44:12
06ead530-6e05-4b7d-8f59-e07b1773209c,18ee916e-9d72-47c2-bdc2-a22c4bac34f7,.FannShizu,SELL,BONE,Bone,1,1.04783,1.04783,2025-12-13 16:44:12
03ad39ef-1097-469e-80ab-07d84afdbfdf,ea62a310-e673-4a8c-9d4c-73c33dde6acc,.FannShizu,SELL,BONE,Bone,1,1.0465699999999998,1.0465699999999998,2025-12-13 16:44:12
ca47c20e-e0a6-43c3-9441-ab384cf0f3c4,62987be8-1742-4dff-bbd4-511301e770a8,.FannShizu,SELL,BONE,Bone,1,1.04531,1.04531,2025-12-13 16:44:12
f8a1c26b-dc35-4e6f-b8cf-6c82cc41801e,43dd3f89-81ab-45cb-a19a-192f3f614d64,.FannShizu,SELL,BONE,Bone,1,1.04405,1.04405,2025-12-13 16:44:12
c672bcb5-5241-49c2-a629-eacaa0b98a1d,0941e9a5-38e5-4dad-ad39-e42d175e49d5,.FannShizu,SELL,BONE,Bone,1,1.0427899999999999,1.0427899999999999,2025-12-13 16:44:12
c9034813-f91d-4ac4-8d16-b4cbfa5351f1,61f6489d-1a86-4c6c-9a22-a9b6f9c90c8f,.FannShizu,SELL,BONE,Bone,1,1.0415299999999998,1.0415299999999998,2025-12-13 16:44:14
e6dac239-23c7-4ce2-bf2a-a0208da3caac,faad23c2-f945-4920-912e-10c5b6e1726c,.FannShizu,SELL,BONE,Bone,1,1.04027,1.04027,2025-12-13 16:44:14
d450ce99-ac7b-4955-a27c-23e435d3eeb1,a7df526f-8ab3-4312-9b9c-620f5989e714,.FannShizu,SELL,BONE,Bone,1,1.03901,1.03901,2025-12-13 16:44:14
14f47421-821a-4fbc-ba3a-f4627dde5c51,4a7adb05-ed6a-49a8-9d6a-cedcbf9d1d24,.FannShizu,SELL,BONE,Bone,1,1.03775,1.03775,2025-12-13 16:44:14
ac1457d8-b82a-43f1-9aac-1f0160776b3a,9da1e8d7-242c-4ada-9f85-9a179e9e90e3,.FannShizu,SELL,BONE,Bone,1,1.03649,1.03649,2025-12-13 16:44:14
292c68b0-5b32-47a7-a1af-a3b7ef2feba2,735be362-5991-4de0-81da-ec15269757bc,.FannShizu,SELL,BONE,Bone,1,1.0352299999999999,1.0352299999999999,2025-12-13 16:44:14
7b14a58a-f7ee-424c-bb15-724c04d9b365,a480fc52-841f-4a0d-bfb9-c5aee10965b5,.FannShizu,SELL,BONE,Bone,1,1.03397,1.03397,2025-12-13 16:44:14
05c404f8-176c-4e91-96ce-cbf6874bcc83,69a63274-e3af-4852-b412-9cd2c76b2a92,.FannShizu,SELL,BONE,Bone,1,1.0327099999999998,1.0327099999999998,2025-12-13 16:44:14
e16c99e8-e75f-4e87-8167-1b9c95f3a446,faa126d5-1fbc-4566-a6d2-0c74b81e7aed,.FannShizu,SELL,BONE,Bone,1,1.03145,1.03145,2025-12-13 16:44:14
2d48a1c8-6492-4061-809f-cbcc6d3861ad,dd6f77b9-201d-4867-990d-149426d68814,.FannShizu,SELL,BONE,Bone,1,1.0301899999999997,1.0301899999999997,2025-12-13 16:44:14
485fa66d-c4eb-45bf-a326-1a088e594591,c597e677-f96a-4d82-a97e-c8cf5bdcefd2,.FannShizu,SELL,BONE,Bone,1,1.02893,1.02893,2025-12-13 16:44:14
bb19c5f0-3dfa-4cf5-a701-041e27ad1649,a7392413-abeb-46d3-9149-ca5b597cea6d,.FannShizu,SELL,BONE,Bone,1,1.02767,1.02767,2025-12-13 16:44:15
b5b22ef2-cf9a-4fed-ae3a-d826cbfd1b5b,04b6b67e-0e7e-4d5d-84a1-5b07fa400688,.FannShizu,SELL,BONE,Bone,1,1.0264099999999998,1.0264099999999998,2025-12-13 16:44:15
85590639-a443-44b9-9f52-42d4f3fc890f,91220889-b3e4-44e3-8984-2be3a350792b,.FannShizu,SELL,BONE,Bone,1,1.02515,1.02515,2025-12-13 16:44:15
3c65f487-8c5a-4cbf-bf13-22576cfcf289,71f58d09-6596-4bed-9044-32b791ac7cbb,.FannShizu,SELL,BONE,Bone,1,1.02389,1.02389,2025-12-13 16:44:15
7aee489e-433b-4a62-ad09-2e7408d2b3f3,5d089b64-7b6a-4e5a-b7db-1692829f0cc4,.FannShizu,SELL,BONE,Bone,1,1.02263,1.02263,2025-12-13 16:44:15
9dc355e4-3a7a-41a0-bfa2-be3084770c24,ef5acdee-16f6-4e16-ad35-e6649179ea37,.FannShizu,SELL,BONE,Bone,1,1.02137,1.02137,2025-12-13 16:44:15
85517e10-e692-4945-a918-50216f5bd7ad,4cb0d119-ce72-4c6f-9e52-8e327e436c7a,.FannShizu,SELL,BONE,Bone,1,1.02011,1.02011,2025-12-13 16:44:15
d6795b37-724b-4a16-8b5f-35b0c6135696,239194b6-1899-4fe9-a7c3-029af743a106,.FannShizu,SELL,BONE,Bone,1,1.01885,1.01885,2025-12-13 16:44:15
0e6f0b11-c840-4907-9ae7-1b5916fc29cd,9fca491f-642b-4152-b954-038324981d04,.FannShizu,SELL,BONE,Bone,1,1.01759,1.01759,2025-12-13 16:44:15
5d6076db-437c-456a-bc62-6842a93f4e5f,aeace94a-adb8-44e3-981b-e66d8cbecae3,.FannShizu,SELL,BONE,Bone,1,1.01633,1.01633,2025-12-13 16:44:15
9da91aeb-8197-4e0d-95fd-7789ed18dae9,58432ce2-fe6a-42c3-97e6-d6701b272d8f,.FannShizu,SELL,BONE,Bone,1,1.01507,1.01507,2025-12-13 16:44:15
83859dcf-8468-43db-abb0-07d3790fa97c,758e8f84-5e5e-4b2a-af41-5cf6dd5cc5b0,.FannShizu,SELL,BONE,Bone,1,1.0138099999999999,1.0138099999999999,2025-12-13 16:44:17
36e936e3-bf32-4afe-a68f-80701fd7d3c7,b1311f61-730c-48a2-917e-ad8e7f883a5b,.FannShizu,SELL,BONE,Bone,1,1.0125499999999998,1.0125499999999998,2025-12-13 16:44:17
3fb2481b-4107-40ef-a2e5-7077da4e5b19,b6584680-a9f8-49d9-a582-497db36b305f,.FannShizu,SELL,BONE,Bone,1,1.01129,1.01129,2025-12-13 16:44:17
fc929e4a-f003-4370-b4cf-567b8c7236d8,1d109e1c-71e4-42d0-9876-731c33412197,.FannShizu,SELL,BONE,Bone,1,1.0100299999999998,1.0100299999999998,2025-12-13 16:44:17
c4961cfb-3cde-46b6-bb42-01f206c0a2aa,ed3f4596-1b04-4e85-91de-5c80dbb461c8,.FannShizu,SELL,BONE,Bone,1,1.00877,1.00877,2025-12-13 16:44:17
7d76dc26-3367-4077-8124-3d82bc95f2a3,3046aa07-e8fa-4e5e-8aed-06d72fc0d2f8,.FannShizu,SELL,BONE,Bone,1,1.00751,1.00751,2025-12-13 16:44:17
1493871c-bb96-43b7-b225-cf6474e2c27a,b2734b02-238d-4d85-9180-2a40b2231ff7,.FannShizu,SELL,BONE,Bone,1,1.0062499999999999,1.0062499999999999,2025-12-13 16:44:17
cfc5358a-d981-41c9-bf70-cb1c8fb557ec,ac3129eb-8379-4367-b592-f2b5a854cedf,.FannShizu,SELL,BONE,Bone,1,1.0049899999999998,1.0049899999999998,2025-12-13 16:44:17
7d190b42-3900-4df0-b983-81226bb0fafa,7239053d-4ba1-4231-a98b-86bd2bb6e517,.FannShizu,SELL,BONE,Bone,1,1.00373,1.00373,2025-12-13 16:44:17
bc909f87-d351-4478-91ba-d57758e887b4,8b4b0f60-a2c0-4d64-ab35-472c364d8560,.FannShizu,SELL,BONE,Bone,1,1.00247,1.00247,2025-12-13 16:44:18
fd8f75c7-3ee6-469f-8bb6-a88904a98c0d,08454c2b-8730-4005-8e78-9c21fb590df2,.FannShizu,SELL,BONE,Bone,1,1.00121,1.00121,2025-12-13 16:44:18
3901d5a3-af1b-40e2-b71e-726dec71485e,0b381257-0c48-43c1-8018-b6980df4e502,.FannShizu,SELL,BONE,Bone,1,0.99995,0.99995,2025-12-13 16:44:18
950c5979-5621-479f-bc98-cb35298a11ac,4e94ccd8-9e99-40c3-a9c2-567de297382e,.FannShizu,SELL,BONE,Bone,1,0.9986899999999999,0.9986899999999999,2025-12-13 16:44:18
19057f39-6e59-481d-aa32-b58878387c7b,ada79320-489d-4f6b-aa92-713a59715823,.FannShizu,SELL,BONE,Bone,1,0.9974299999999999,0.9974299999999999,2025-12-13 16:44:18
2133c5e1-a771-4cee-a37a-612c6761c15c,59bd0cce-5a94-49cf-8bd0-cd65ab79012d,.FannShizu,SELL,BONE,Bone,1,0.99617,0.99617,2025-12-13 16:44:18
93376ece-c10c-4243-8346-bb2310dc68ce,a2d1b624-0af5-4e53-a1b6-2bd9fda7cfe2,.FannShizu,SELL,BONE,Bone,1,0.99491,0.99491,2025-12-13 16:44:18
8b6d47fc-e2ae-409e-b6bd-bd1ac63993f8,e1bad7a2-c425-4d67-9dab-e7bc51a8d26c,.FannShizu,SELL,BONE,Bone,1,0.9936499999999999,0.9936499999999999,2025-12-13 16:44:18
e19751c7-9106-43c8-88d2-19a7a430371d,f5881ad1-e0fd-4332-ac4c-5248b3c3109f,.FannShizu,SELL,BONE,Bone,1,0.9923899999999999,0.9923899999999999,2025-12-13 16:44:18
a667bc07-47f1-42bd-8b79-cf10994be08d,57c87c34-e4cd-43d8-a47b-759fa54a66a0,.FannShizu,SELL,BONE,Bone,1,0.9911299999999998,0.9911299999999998,2025-12-13 16:44:18
d0e488d8-c8bc-47f6-9f22-88b68f406971,f64156d5-ae94-438e-a53c-d36ec42bcdac,.FannShizu,SELL,BONE,Bone,1,0.9898699999999999,0.9898699999999999,2025-12-13 16:44:18
198bc8eb-0304-446b-ab25-a5b36273d5a8,f77390e5-089a-4a31-b03e-5ee9c3c30a75,.FannShizu,SELL,BONE,Bone,1,0.98861,0.98861,2025-12-13 16:44:18
b1c712ba-ecf0-4b59-8732-2cbd3f7804ca,db68d373-b15a-42a0-be4f-07bba211a8e5,.FannShizu,SELL,BONE,Bone,1,0.9873499999999998,0.9873499999999998,2025-12-13 16:44:18
df7ec6a5-0a89-4e0f-9105-2f18fb9c7711,ca78c1b0-4bc6-4652-a03b-edbedf465f75,.FannShizu,SELL,BONE,Bone,1,0.98609,0.98609,2025-12-13 16:44:18
c5ff125a-5954-48f1-bb73-9deb5e708ad0,97b69af6-8ee9-4c1b-bf5c-856d22dd919f,.FannShizu,SELL,BONE,Bone,1,0.9848299999999998,0.9848299999999998,2025-12-13 16:44:18
be115c1f-bb5c-498a-a774-2c1aad570dfc,09ea40df-606a-4234-a7ad-17aa6684195d,.FannShizu,SELL,BONE,Bone,1,0.9835699999999999,0.9835699999999999,2025-12-13 16:44:20
77513972-d31c-44c4-b943-dd53d6345572,d6b56ca2-2fb3-4f8e-99af-a714821b6ebc,.FannShizu,SELL,BONE,Bone,1,0.9823099999999999,0.9823099999999999,2025-12-13 16:44:20
7dc50e74-e7e1-4ef8-9b4c-3f5fe3aae385,dd07781a-b1f4-40fa-a22c-120798eaf44a,.FannShizu,SELL,BONE,Bone,1,0.9810499999999999,0.9810499999999999,2025-12-13 16:44:20
059b8d23-78fd-4701-b26d-b65ac0cf79a5,e7107f6d-3033-4bc5-804a-b61e33edb9c6,.FannShizu,SELL,BONE,Bone,1,0.9797899999999999,0.9797899999999999,2025-12-13 16:44:20
ac20d98b-66a9-4290-94aa-51b94bf0a556,56156e2c-d666-4d45-80fe-a8b71fec2082,.FannShizu,SELL,BONE,Bone,1,0.9785299999999999,0.9785299999999999,2025-12-13 16:44:20
74e1d0c4-c4ca-4954-b22d-d48408b4bff0,bf3f2652-78e9-4543-bad1-b159a949bf6f,.FannShizu,SELL,BONE,Bone,1,0.97727,0.97727,2025-12-13 16:44:20
8378957e-eb14-480c-98d3-79fe0ecae0e3,79cc465e-eed3-4aa4-abcd-473109b6ea4e,.FannShizu,SELL,BONE,Bone,1,0.9760099999999998,0.9760099999999998,2025-12-13 16:44:20
48605658-2f11-45f8-a605-55df306b35b8,766ab149-bb56-4f17-8674-30437ced9329,.FannShizu,SELL,BONE,Bone,1,0.97475,0.97475,2025-12-13 16:44:20
f380c06e-1b5d-40f3-a01f-d61d81a39532,3e5ff875-4825-4ba3-b666-b6cb6f83b8f5,.FannShizu,SELL,BONE,Bone,1,0.9734899999999999,0.9734899999999999,2025-12-13 16:44:20
2ab92d44-5cbe-4f86-b6e9-7e1580f77f31,271b65c9-383b-4e36-8b83-6b7c4a3c97fc,.FannShizu,SELL,BONE,Bone,1,0.9722299999999999,0.9722299999999999,2025-12-13 16:44:20
6b997c25-eeaf-48c9-9877-5dc66bf297ab,5ca47d4c-5d80-4e33-aa60-73374f8f490f,.FannShizu,SELL,BONE,Bone,1,0.9709699999999999,0.9709699999999999,2025-12-13 16:44:20
5ec026f8-6452-4579-8c5d-31f406b47a9a,827ded45-4fa5-4dea-9eca-6c5275761a0d,.FannShizu,SELL,BONE,Bone,1,0.96971,0.96971,2025-12-13 16:44:20
4133a55a-e409-4e0a-8c42-9d9da841b7c7,95013a8c-5d17-4241-b7d4-840bf4492324,.FannShizu,SELL,BONE,Bone,1,0.9684499999999999,0.9684499999999999,2025-12-13 16:44:20
3327fda3-c475-4349-8176-933a109ed0ca,db565a18-969e-4ae3-8b86-003b59a8ea19,.FannShizu,SELL,BONE,Bone,1,0.9671899999999999,0.9671899999999999,2025-12-13 16:44:21
497d797d-52c7-438a-8f2f-fc4aa79d4e0c,1edd705d-937b-4e70-8f72-9c4f9e7345ae,.FannShizu,SELL,BONE,Bone,1,0.9659300000000001,0.9659300000000001,2025-12-13 16:44:22
7e10c9cb-917e-458b-8f50-28b64c970271,eec28538-b03e-4015-933e-ee347f7be2ec,.FannShizu,SELL,BONE,Bone,1,0.9646699999999998,0.9646699999999998,2025-12-13 16:44:24
705d22ab-abcd-437c-ad28-3e0b680415bd,b7b8b249-b2c6-44f0-a5e7-4298b6a90cbc,.FannShizu,SELL,BONE,Bone,1,0.96341,0.96341,2025-12-13 16:44:24
bade194b-8e8e-43ec-bb1e-e0486dcaa6a3,42feebb6-7f5b-4c99-b582-df79a39791c6,.FannShizu,SELL,BONE,Bone,1,0.96215,0.96215,2025-12-13 16:44:24
b0d3c9bd-4304-46af-947a-3c7ccede7230,6eb97735-5f77-4811-a605-71d620ff40b3,.FannShizu,SELL,BONE,Bone,1,0.9608899999999999,0.9608899999999999,2025-12-13 16:44:24
a6cc5dcc-2de0-447e-bf55-de613af3cebf,abd87578-225e-4e5c-969a-40a2ce68d34b,.FannShizu,SELL,BONE,Bone,1,0.95963,0.95963,2025-12-13 16:44:24
5ddd4d1e-4ce8-48c2-a8a5-f9a68d1ec944,8d2b37b9-ae34-4e6c-beaf-9b813e0f5174,.FannShizu,SELL,BONE,Bone,1,0.9583699999999999,0.9583699999999999,2025-12-13 16:44:24
76a18c2d-78ca-4409-81d7-94366b2b51d1,1b394664-1dd7-43b3-b7d8-94fb7ccdc8ad,.FannShizu,SELL,BONE,Bone,1,0.9571099999999999,0.9571099999999999,2025-12-13 16:44:24
2a5db39a-e0d2-4340-8e75-91cd492d68f7,635989fe-9d80-4592-a402-e0832600a624,.FannShizu,SELL,BONE,Bone,1,0.9558499999999999,0.9558499999999999,2025-12-13 16:44:24
d9059282-b83b-44f4-ba14-f37015316a36,41b818bf-3e11-422e-b436-c2a6c1d318a0,.FannShizu,SELL,BONE,Bone,1,0.9545899999999998,0.9545899999999998,2025-12-13 16:44:25
4fb4b089-0a11-4004-983b-80acd25d9e1a,0ba54305-c6db-4dc5-b9b7-fc44ed22b163,.FannShizu,SELL,BONE,Bone,1,0.9533299999999999,0.9533299999999999,2025-12-13 16:44:26
38df836b-5a1d-4abd-a016-f80bf242dc28,bafab3f7-da6b-4b4a-8b43-eb0e91c3f25a,.FannShizu,SELL,BONE,Bone,1,0.95207,0.95207,2025-12-13 16:44:26
32ae92a7-21ba-4e37-b194-6d33fea7b88d,d3e71373-e8b9-477a-a557-903169ba0761,.FannShizu,SELL,BONE,Bone,1,0.9508099999999998,0.9508099999999998,2025-12-13 16:44:26
c4fa4661-56bf-43c5-8f05-398dc99edb37,98621993-508d-4701-91dc-c505bf242cda,.FannShizu,SELL,BONE,Bone,1,0.94955,0.94955,2025-12-13 16:44:26
c17bd4e9-7653-4c0d-985b-98aebf79bdf7,708c54b1-ce29-4ca1-9406-4311cd197759,.FannShizu,SELL,BONE,Bone,1,0.9482899999999997,0.9482899999999997,2025-12-13 16:44:26
a818a901-883b-4bbd-a4f7-934235040486,5cee10f5-f959-46bd-b46e-5b3cde9f97f9,.FannShizu,SELL,BONE,Bone,1,0.9470299999999999,0.9470299999999999,2025-12-13 16:44:28
ac18a0ca-3d35-4b98-81f8-2a686b952bc5,fa8541d1-5ad9-4ced-9f80-ac414ddcad63,.FannShizu,SELL,BONE,Bone,1,0.9457699999999999,0.9457699999999999,2025-12-13 16:44:28
bf14ecb6-2829-4084-a5c0-fdc132a39e8a,817873e4-0acc-417f-ad4e-ae3b58466cf5,.FannShizu,SELL,BONE,Bone,1,0.9445099999999998,0.9445099999999998,2025-12-13 16:44:29
a5108490-f59a-4e8c-a7be-90069c5550b6,647a1f5a-26cb-44f4-ae54-90d718abe2fc,.FannShizu,SELL,BONE,Bone,1,0.94325,0.94325,2025-12-13 16:44:34
4003ed87-3ffe-49c2-883e-3bcf335ccaa5,d5994f78-ae2f-46fa-bf11-9f2f3c25fbfc,.FannShizu,SELL,BONE,Bone,1,0.9419899999999999,0.9419899999999999,2025-12-13 16:44:37
6a080496-0776-4d54-acbd-b750afbe7ffc,5b3c31e4-5b75-4213-98e1-ac851f946fad,.FannShizu,SELL,BONE,Bone,1,0.94073,0.94073,2025-12-13 16:44:40
5263401d-c769-4e93-a21f-08fd43dbd49b,a72ee890-ae7f-46d0-b961-3c9fde83363a,.FannShizu,SELL,BONE,Bone,1,0.93947,0.93947,2025-12-13 16:44:40
c98b839b-0121-4d99-822b-504ba153553c,26549633-0b8e-4e7d-80d3-49cf564bbef8,.FannShizu,SELL,BONE,Bone,1,0.93821,0.93821,2025-12-13 16:44:40
e0dc44c7-498b-45e5-835f-aaadde1c3a1c,deee48ef-9aaa-444e-bec5-1350ab8ed512,.FannShizu,SELL,BONE,Bone,1,0.93695,0.93695,2025-12-13 16:44:40
3fbb9433-980a-464b-9ec4-af96ec2cc44a,9e712a7f-f7b8-4270-8765-6635988e017b,.FannShizu,SELL,BONE,Bone,1,0.9356899999999999,0.9356899999999999,2025-12-13 16:44:42
7e3c7992-988e-4dd3-9509-46d230ec7021,1fe07ff5-acbe-43e8-ac30-d72c6d83ce42,.FannShizu,SELL,BONE,Bone,1,0.9344299999999999,0.9344299999999999,2025-12-13 16:44:42
aac23ed7-65ea-4f2e-b480-4c27fef4c2d5,7128d202-a1a0-4dbe-b8a4-73df0bc2720e,.FannShizu,SELL,BONE,Bone,1,0.9331699999999999,0.9331699999999999,2025-12-13 16:44:42
dfffc487-aba3-4c5b-8b44-a24ce4c69f04,d6b55698-b471-42c2-b6bf-61dd6bc87e78,.FannShizu,SELL,BONE,Bone,1,0.9319099999999999,0.9319099999999999,2025-12-13 16:44:42
d2d484d6-ce96-4cfe-95bb-6466b81df088,e1a57dce-8222-4ba5-bc48-437b68a281ed,.FannShizu,SELL,BONE,Bone,1,0.9306499999999999,0.9306499999999999,2025-12-13 16:44:42
4ca9a08b-cf89-4436-b857-936a26208c4c,2e352c11-fbe4-4896-88d4-90f98ba4e8ca,.FannShizu,SELL,BONE,Bone,1,0.9293899999999998,0.9293899999999998,2025-12-13 16:44:42
daf5088d-8875-4173-996f-208918f0b073,9821a88f-956d-4b92-bca5-45dee9a3139b,.FannShizu,SELL,BONE,Bone,1,0.9281299999999998,0.9281299999999998,2025-12-13 16:44:44
e0b3a5f4-f98e-4045-be84-7974b84125b1,9f4faefc-c9d0-4f1b-a317-7f366525c2d7,.FannShizu,SELL,BONE,Bone,1,0.92687,0.92687,2025-12-13 16:44:44
fe35f942-6f48-4395-9954-8b728c55b391,135cbe53-abd6-4c4c-bb0f-c30a3a8dabb2,.FannShizu,SELL,BONE,Bone,1,0.9256099999999998,0.9256099999999998,2025-12-13 16:44:44
21f4cd5c-8878-49f6-8040-9e095db7db1d,f3323735-7b5f-4989-ad64-647c87b385ec,.FannShizu,SELL,BONE,Bone,1,0.9243499999999999,0.9243499999999999,2025-12-13 16:44:44
82dab5e8-8363-4395-b78c-a463142676a4,aee8a23a-05ec-4efa-af04-827fc1bde0df,.FannShizu,SELL,BONE,Bone,1,0.92309,0.92309,2025-12-13 16:44:44
c337a871-c764-4a9d-8557-9e9aa34b6040,e71201ec-d22a-4e86-bf97-f51cd30e78f8,.FannShizu,SELL,BONE,Bone,1,0.9218299999999999,0.9218299999999999,2025-12-13 16:44:45
a4084147-1f34-444e-be47-6daaecdc74a8,c977b65b-584b-46fc-bcbd-859006ec7e86,.FannShizu,SELL,BONE,Bone,1,0.92057,0.92057,2025-12-13 16:44:45
9bfd3ccc-d139-46f3-a4e3-5a089ed71f16,897244e1-0578-439c-8c2d-b4d75b948193,.FannShizu,SELL,BONE,Bone,1,0.9193099999999998,0.9193099999999998,2025-12-13 16:44:46
5507a16f-9dd5-4a1a-a9b7-fa705c028e8b,b16a6ba8-b7f1-46e3-ac05-0bdfd686307e,.FannShizu,SELL,BONE,Bone,1,0.91805,0.91805,2025-12-13 16:44:46
a94087b2-a3dd-433e-9002-a2b49f0d3174,975ed5a9-5f2b-4ae0-9db7-99a639e82ec7,.FannShizu,SELL,BONE,Bone,1,0.9167899999999999,0.9167899999999999,2025-12-13 16:44:46
2c676965-3d7b-41a8-8542-62596b92ddce,fc18c443-50b6-4bad-9067-dfff2efa98d5,.FannShizu,SELL,BONE,Bone,1,0.91553,0.91553,2025-12-13 16:44:46
1bd61073-1702-4e91-84cd-493288dcad6f,2b28a036-0202-4dc2-b0d1-45de27b704eb,.FannShizu,SELL,BONE,Bone,1,0.9142699999999999,0.9142699999999999,2025-12-13 16:44:46
3b66232b-8d6a-45f3-a3dc-fcded7c854d1,dfd45b08-3ec3-4062-afac-51ee2c6dd0b9,.FannShizu,SELL,BONE,Bone,1,0.91301,0.91301,2025-12-13 16:44:50
2a944bb1-0550-4424-89e9-7dda40086580,e25fbafc-461b-4fe6-b64c-e90f3919320f,.FannShizu,SELL,BONE,Bone,1,0.91175,0.91175,2025-12-13 16:44:50
e1a380d8-d79b-4e04-a7e5-802b0e58afe7,fe3c075c-11ff-404b-8749-f1a6ee37e335,.FannShizu,SELL,BONE,Bone,1,0.9104899999999999,0.9104899999999999,2025-12-13 16:44:50
9a64c083-f18b-4746-bb04-3796cd4ceb99,a4a77936-1b89-4ed4-9efa-4d07fa5adc81,.FannShizu,SELL,BONE,Bone,1,0.9092299999999999,0.9092299999999999,2025-12-13 16:44:50
c417bb9f-f698-4e99-a2e1-98b098b9accc,0d9bed84-4272-44f3-be0e-e713cedc75e9,.FannShizu,SELL,BONE,Bone,1,0.9079699999999998,0.9079699999999998,2025-12-13 16:44:50
725896dd-8e1e-436b-9b9e-51e1fbdf1eec,821726a4-014e-4623-90f6-2eea41427339,.FannShizu,SELL,BONE,Bone,1,0.90671,0.90671,2025-12-13 16:44:50
2dba791e-a69e-4a3f-a8a4-755ca90a9ed0,2607447b-0754-4638-9251-dc5be73fa1f2,.FannShizu,SELL,BONE,Bone,1,0.9054499999999999,0.9054499999999999,2025-12-13 16:44:50
206d2b5c-57d9-4e77-9dda-4679e52446b4,5f61f1b9-4054-4a47-a847-9c3fb0f5b36b,.FannShizu,SELL,BONE,Bone,1,0.9041899999999999,0.9041899999999999,2025-12-13 16:44:50
30a49d45-d569-41ef-8094-7c147f1a1a6f,8b6d6956-75df-4806-88d3-d04be334a046,.FannShizu,SELL,BONE,Bone,1,0.9029299999999998,0.9029299999999998,2025-12-13 16:44:51
a77ba35d-0987-4092-9e75-bdfca0bcad9e,b9f750c6-9a18-4eea-86ab-5396c80b083c,.FannShizu,SELL,BONE,Bone,1,0.90167,0.90167,2025-12-13 16:44:51
b9d720fb-eb7e-4e4f-baae-c22ee6827e0a,fd97d735-cb89-40c2-9b06-6292d35eca3f,.FannShizu,SELL,BONE,Bone,1,0.9004099999999999,0.9004099999999999,2025-12-13 16:44:51
2dbe0497-691c-4f05-a9bc-b6421666d7e4,63a3611a-0572-4141-a54e-62c29045a273,.FannShizu,SELL,BONE,Bone,1,0.8991499999999999,0.8991499999999999,2025-12-13 16:44:51
d510ba1e-44a5-4004-abc6-c4831080a6ae,ab417756-73bf-44f3-9707-09f14f6fcc95,.FannShizu,SELL,BONE,Bone,1,0.8978899999999999,0.8978899999999999,2025-12-13 16:44:51
474becf7-700f-4237-bebc-34f50b52f2d4,87434a1e-7e22-4864-a52a-aa77a8be203a,.FannShizu,SELL,BONE,Bone,1,0.8966299999999999,0.8966299999999999,2025-12-13 16:44:51
f7bfeaf5-649f-4727-90c1-98bac942cb29,97b9ab8d-5020-4e56-ba18-926462a96fbe,.FannShizu,SELL,BONE,Bone,1,0.89537,0.89537,2025-12-13 16:44:51
d0885410-459e-4bb9-8be4-ea1b64d7be30,8e0dfa38-b044-41b9-92a7-7ee8f46852b4,.FannShizu,BUY,EGG,Egg,1,1.0247967157143936,1.0247967157143936,2025-12-13 16:47:28
3f5d7998-0d8c-48c5-99df-76b01c98aa83,f25ab403-591e-40e8-b430-65233064c3c6,Ryu_Less,BUY,HAY_BLOCK,Hay Block,1,3.0743901471431805,3.0743901471431805,2025-12-13 16:48:21
ae5f6fad-fa0f-4485-b968-b0f26e667588,e9a59951-f1ab-405f-aa49-2c1b98860f3e,Ryu_Less,SELL,HAY_BLOCK,Hay Block,1,2.1520731030002263,2.1520731030002263,2025-12-13 16:48:29
3cd41f1b-e6f0-47d5-9ee4-edae5aa8a835,46c2e532-0f41-499b-9fb1-efa43bdee4be,Xitsongalo,SELL,STRING,String,28,37.71824,1.34708,2025-12-13 16:54:13
e1bf20c6-ed1b-452a-a655-e98bb5676d0a,fa3c8c33-c19d-4d72-b7bc-73c1c1bc3b7f,Xitsongalo,SELL,ROTTEN_FLESH,Rotten Flesh,14,9.0944,0.6496000000000001,2025-12-13 16:54:14
88ae108b-f37f-4ec4-bea0-699af6e92cb1,fafb69d7-ad30-4fc6-b42c-8e9dc0c04a85,Xitsongalo,SELL,SPIDER_EYE,Spider Eye,10,13.8614,1.38614,2025-12-13 16:54:14
6416a8aa-966c-4e75-86f3-b0ae3ea00d90,7afd2be5-32ce-4e59-b351-40d11be94b67,Xitsongalo,SELL,BAKED_POTATO,Baked Potato,17,35.426894999999995,2.083935,2025-12-13 16:54:15
b08ba5b7-4021-4d53-8242-ce15d5f83ef9,54f09a57-239c-40dc-8155-8bc546a67b95,Xitsongalo,SELL,COOKED_BEEF,Cooked Beef,3,10.145624999999999,3.3818749999999995,2025-12-13 16:54:15
ed85a389-e449-4604-9e84-0c07597278ed,2fe37815-4ddb-4ff4-aead-6bc069e8d770,.FannShizu,SELL,ARROW,Arrow,1,0.3495275,0.3495275,2025-12-13 17:14:20
9ca7c924-df87-46bf-b0db-5152b48af24f,578c50c5-0f1a-4a5b-b8b9-a43bf6f7e213,.FannShizu,SELL,ARROW,Arrow,1,0.3492125,0.3492125,2025-12-13 17:14:20
e3770168-d667-41b6-af15-ad5554a8cac1,f60aacfd-018d-4a6b-a81b-893114894054,.FannShizu,SELL,ARROW,Arrow,1,0.34889749999999997,0.34889749999999997,2025-12-13 17:14:20
a01255fa-85e8-4cb8-8c47-6a589284d3b9,9ab8fb31-5171-4b8d-a1e2-77d8ec577707,.FannShizu,SELL,ARROW,Arrow,1,0.34858249999999996,0.34858249999999996,2025-12-13 17:14:23
3093c0a4-0663-448d-a229-4a24114fd2ec,df0af019-fdf5-4dab-a7a6-562b84f1e8d3,.FannShizu,SELL,ARROW,Arrow,1,0.34826749999999995,0.34826749999999995,2025-12-13 17:14:23
625efda6-9cfd-4aa5-beb6-69600727df13,b7e995cf-8076-4759-a524-735f31e73b75,.FannShizu,SELL,ARROW,Arrow,1,0.3479525,0.3479525,2025-12-13 17:14:23
57b1b1f7-a649-493c-a613-d863c4b7d66e,9b4f2245-714b-49fc-a5c7-6006624b5973,.FannShizu,SELL,ARROW,Arrow,1,0.3476375,0.3476375,2025-12-13 17:14:23
4ca616a5-d66a-4c43-9585-dfd132902d9d,9f04fecd-8718-4cdf-a8b7-0fa45436956d,.FannShizu,SELL,ARROW,Arrow,1,0.3473225,0.3473225,2025-12-13 17:14:23
9ed61afd-0db9-4d1b-a576-39b771d9674c,e19059b2-1c31-4019-8c12-f1cbade2cfdd,.FannShizu,SELL,ARROW,Arrow,1,0.3470075,0.3470075,2025-12-13 17:14:23
d4e2ceba-ebbd-4ba2-9d1d-61aaceaa1d34,3779060b-30d0-4563-8b81-e324b31e95ba,.FannShizu,SELL,ARROW,Arrow,1,0.3466925,0.3466925,2025-12-13 17:14:23
dcbf1154-c9a5-49f1-a87c-00c2504599f6,83fe8c13-ff31-41ee-8347-364eaf9dd4f1,.FannShizu,SELL,ARROW,Arrow,1,0.3463775,0.3463775,2025-12-13 17:14:24
fb8a9403-801f-48e8-b7b2-add43373e60c,7ff0cd47-b405-4a9b-a765-8fdf84d3562b,.FannShizu,SELL,ARROW,Arrow,1,0.3460625,0.3460625,2025-12-13 17:14:26
88bab840-f2fb-4252-80e0-674a1f02b79a,c38ad61f-02dc-43ca-ae23-372fa71b5e2f,.FannShizu,SELL,ARROW,Arrow,1,0.3457475,0.3457475,2025-12-13 17:14:27
4a4bc31d-426e-44a3-b6ac-b6bfb30702ca,babceec2-6362-4bd1-b8f5-f6682ea83fc4,.FannShizu,SELL,ARROW,Arrow,1,0.3454325,0.3454325,2025-12-13 17:14:29
f3c7cef3-ea5c-4790-b91a-b535f082ebd7,b2d364fa-78ef-4061-985b-9f61a2e432d0,.FannShizu,SELL,ARROW,Arrow,1,0.34511749999999997,0.34511749999999997,2025-12-13 17:14:30
35a81820-d21e-4359-9d9b-e49245826f66,b6706ad9-ba54-4c0c-8663-50a4cd1926d9,.FannShizu,SELL,ARROW,Arrow,1,0.34480249999999996,0.34480249999999996,2025-12-13 17:14:32
966ef2cd-3c80-46e9-9885-0a20725f0e66,8c12846c-4a45-42c0-8ac5-e7e16035732a,.FannShizu,SELL,ARROW,Arrow,1,0.34448749999999995,0.34448749999999995,2025-12-13 17:14:35
4043d563-e990-4650-b0c1-cc30ac1602e9,de7fbc81-d485-469b-b11a-0394402a062d,.FannShizu,SELL,ARROW,Arrow,1,0.34417249999999994,0.34417249999999994,2025-12-13 17:14:36
f02f6940-43ea-46fc-9c63-5bc3288d2f7a,bf8d032e-d29f-40f0-8861-de02b64170ea,.FannShizu,SELL,ARROW,Arrow,1,0.3438575,0.3438575,2025-12-13 17:14:37
239ca5b1-1e1f-46f9-88ec-094874d4c8e7,77725aa0-f5ab-481a-b8e0-6c69a8cee202,.FannShizu,SELL,ARROW,Arrow,1,0.3435425,0.3435425,2025-12-13 17:14:38
7f90cea4-568b-4c5c-8629-4c2a98f52b37,6d0d1a4f-dd60-4ab4-a170-c6f627505019,.FannShizu,SELL,ARROW,Arrow,1,0.34322749999999996,0.34322749999999996,2025-12-13 17:14:41
2d55174a-9044-4022-ae43-0099202aeb59,5efc0157-9381-4a9a-99c2-d1e12fbf8967,.FannShizu,SELL,ARROW,Arrow,1,0.3429125,0.3429125,2025-12-13 17:14:42
2be1f240-ef6e-43d7-bc1b-713a4545a892,d6fdd2e1-a4b8-4b0c-8d89-b63e7ff41b6b,.FannShizu,SELL,ARROW,Arrow,1,0.3425975,0.3425975,2025-12-13 17:14:44
a542433c-b398-4401-aab2-b7c2a30dac29,72dd9d18-fbf0-40ba-983c-787cabb28494,.FannShizu,SELL,ARROW,Arrow,1,0.3422825,0.3422825,2025-12-13 17:14:45
e763237a-2567-4323-9953-37487db848ea,9af0159f-6c93-4659-8104-3327e69e731a,.FannShizu,SELL,ARROW,Arrow,1,0.3419675,0.3419675,2025-12-13 17:14:46
ee5f0e92-b15e-471a-abf0-64cef02aa23c,aa6c489b-0c78-4b1b-a842-8d08683e898a,.FannShizu,SELL,ARROW,Arrow,1,0.34165249999999997,0.34165249999999997,2025-12-13 17:14:47
da23b7cf-f02a-405f-b842-55ac8d168c92,1b9be92e-fcd7-4aea-8a67-bfed49a62e8f,.FannShizu,SELL,ARROW,Arrow,1,0.34133749999999996,0.34133749999999996,2025-12-13 17:14:49
ae11815f-171f-4626-8e6a-e05cb964e7bc,28e8e434-8469-46a1-93de-8564e45c13dc,.FannShizu,SELL,ARROW,Arrow,1,0.3410225,0.3410225,2025-12-13 17:14:50
dc8e15b2-f656-48d2-9c12-48772217bec8,d5d1fd38-8682-49a2-8fce-a9bd8e7ec6e2,.FannShizu,SELL,ARROW,Arrow,1,0.3407075,0.3407075,2025-12-13 17:14:51
a48d9cd3-315f-45b3-b5d7-0855aff3ff58,a41ca8ae-c2bf-4266-a9f3-10b7f4293f6d,.FannShizu,SELL,ARROW,Arrow,1,0.3403925,0.3403925,2025-12-13 17:14:53
b0785e43-6758-4755-a83a-cc01beb0bbe0,0256bbaf-1489-4bd9-8168-aa84871fd3f3,.FannShizu,SELL,ARROW,Arrow,1,0.3400775,0.3400775,2025-12-13 17:14:57
df02f86a-38fe-497e-9e01-98755a256c97,309f94fd-d2e3-46d5-bdba-9cc00d7d942d,.FannShizu,SELL,ARROW,Arrow,1,0.33976249999999997,0.33976249999999997,2025-12-13 17:14:57
ea90ee62-68cc-4156-9dfa-d1158c574112,dbd8e5d9-80a6-4186-ba60-9504bc8ed77d,.FannShizu,SELL,ARROW,Arrow,1,0.33944749999999996,0.33944749999999996,2025-12-13 17:14:57
8d5e4ba9-3870-4b94-ba65-760897cff701,fb9d56fd-307d-4a8a-8ddf-ab11dd33b220,.FannShizu,SELL,ARROW,Arrow,1,0.33913249999999995,0.33913249999999995,2025-12-13 17:15:00
f5310d06-3c90-478b-b7c4-aab1f9c0ab92,9eff2c06-6f58-4187-9d21-d891c7be8910,.FannShizu,SELL,ARROW,Arrow,1,0.3388175,0.3388175,2025-12-13 17:15:01
7ec5fb3c-95e9-4482-99a0-228d6e1a42b4,1ccc0220-95b0-4ea2-af83-e7df54bdddf2,.FannShizu,SELL,ARROW,Arrow,1,0.3385025,0.3385025,2025-12-13 17:15:03
23761b09-803a-4d4e-a5fa-c24307481ae8,f8228451-1e95-4eb6-9e65-c5b361e7bb03,Maul_FZC,SELL,BREAD,Bread,64,130.52927999999997,2.0395199999999996,2025-12-13 17:24:56
16c41665-5d72-4fd3-83bc-9fa2ea3e1c71,ec0eea1a-3787-42b6-b2ba-417b9685cdf3,.FannShizu,SELL,LEATHER,Leather,1,14.922861762824535,14.922861762824535,2025-12-13 17:25:51
37dd7488-1fd2-424b-a952-bfebbfc99f0c,2f93fc9e-b454-4e84-b8d8-95f6f06c49b7,.FannShizu,SELL,LEATHER,Leather,1,14.21224929792814,14.21224929792814,2025-12-13 17:25:51
148f867c-b683-4204-8e89-da947e5a29a1,429f0f4d-32c5-43a5-a7d4-7aad3034bb57,.FannShizu,SELL,LEATHER,Leather,1,13.535475521836322,13.535475521836322,2025-12-13 17:25:51
1d949ce5-21ee-478a-8fc9-a58ca33579df,0fdad5a0-0dc9-4b6f-a66a-ee85ba3d68ec,.FannShizu,SELL,LEATHER,Leather,1,12.890929068415558,12.890929068415558,2025-12-13 17:25:51
8212bfe4-decd-461a-9906-6a1766f3a807,51c3c780-7b78-4ac7-b575-1cb53430687e,.FannShizu,SELL,LEATHER,Leather,1,12.277075303252868,12.277075303252868,2025-12-13 17:25:51
1686cbd1-a3d0-4faf-8a02-c2b1ce363916,4ea9416b-392c-4ef5-a681-e2dd5edf069c,.FannShizu,SELL,LEATHER,Leather,1,11.692452669764666,11.692452669764666,2025-12-13 17:25:51
ab2fe95e-1801-4d8d-8b1f-795e12435267,0804e20c-44f6-4482-bc8e-7df1d9e0d6f3,.FannShizu,SELL,LEATHER,Leather,1,11.135669209299706,11.135669209299706,2025-12-13 17:25:51
ba9a14e0-5ce6-415c-93a1-1a2ca88793e4,326fe032-d37e-4264-b1a0-11931ed3e75e,.FannShizu,SELL,LEATHER,Leather,1,10.605399246952079,10.605399246952079,2025-12-13 17:25:56
615279de-13af-4a17-b57f-9bd3f662e2bd,6aff488f-8d31-4f42-ab3b-750f776dadd7,.FannShizu,SELL,LEATHER,Leather,1,10.100380235192448,10.100380235192448,2025-12-13 17:25:56
5a36ab7c-b76d-4a6b-995a-87b7f02a643f,15543771-9b96-4e68-80e1-ec67efe2edaa,.FannShizu,SELL,LEATHER,Leather,1,9.61940974780234,9.61940974780234,2025-12-13 17:25:56
8f03a51d-b3d2-46cf-8b31-a938200c55c0,794ae1c6-8dbe-473a-a74e-2ac7d3569c0a,.FannShizu,SELL,LEATHER,Leather,1,9.161342616954599,9.161342616954599,2025-12-13 17:25:56
d889a569-6a58-4fc2-9317-f5ee71e6b243,3443a0aa-e31d-45ae-b81d-e43e91768673,.FannShizu,SELL,LEATHER,Leather,1,8.725088206623436,8.725088206623436,2025-12-13 17:25:56
6e79fa07-a109-43c9-93c5-11b6bd40dfc4,bc46b04d-4a0d-41d1-b256-58fbca3c6df8,.FannShizu,SELL,LEATHER,Leather,1,8.309607815831841,8.309607815831841,2025-12-13 17:25:58
12a6439b-86a2-4ec0-b381-8366f362a572,a85168a1-0b84-4d6a-b030-590261e88a57,.FannShizu,SELL,LEATHER,Leather,1,7.913912205554122,7.913912205554122,2025-12-13 17:25:58
44815ffa-4070-45e0-ade2-31946e08063f,5216734d-5199-42e5-8d72-88efa17519ee,.FannShizu,SELL,LEATHER,Leather,1,7.537059243384899,7.537059243384899,2025-12-13 17:25:58
d8e2ac7d-62b7-44f0-85a1-9d524d2074f9,5bd71cf8-6a89-4723-8005-c0dd369e7626,.FannShizu,SELL,LEATHER,Leather,1,7.1781516603665665,7.1781516603665665,2025-12-13 17:26:01
09bbe705-fe9d-4d04-95db-5b34c07c1843,c6b6c851-2e7b-4d71-a5fa-63765b0dcf53,.FannShizu,SELL,LEATHER,Leather,1,6.836334914634811,6.836334914634811,2025-12-13 17:26:02
79f0c9bb-b81d-452a-a9f9-85126b759207,93d60d6c-e8dc-4289-9cd5-0bd814df96ff,.FannShizu,SELL,LEATHER,Leather,1,6.510795156795071,6.510795156795071,2025-12-13 17:26:02
62a98036-8ed1-4449-9ab5-7b24f6f63688,2f86479b-afae-4ecb-80cc-bb4e5e116595,.FannShizu,SELL,LEATHER,Leather,1,6.200757292185764,6.200757292185764,2025-12-13 17:26:04
613e85a9-8b89-47d2-9360-0dcac1d86f68,f5c12a48-c74b-4476-a7b7-1a811fbb3505,.FannShizu,SELL,LEATHER,Leather,1,5.905483135415022,5.905483135415022,2025-12-13 17:26:04
9bf243a6-d7db-42bb-99af-20aca9492c8b,2c8e865b-3bd8-4db9-a60f-46d687c244f1,.FannShizu,SELL,LEATHER,Leather,1,5.624269652776227,5.624269652776227,2025-12-13 17:26:04
dece5f9f-5dbe-4fb6-9b02-407bb951d405,df190600-f6ac-41cd-b1bd-5b23a46fb790,.FannShizu,SELL,LEATHER,Leather,1,5.356447288358299,5.356447288358299,2025-12-13 17:26:04
43b75689-685a-40aa-baf9-98892d402d8e,fa525c4d-c2ed-40fa-ad8c-5a251126e9a2,.FannShizu,SELL,LEATHER,Leather,1,5.101378369865048,5.101378369865048,2025-12-13 17:26:06
0ab17421-1b97-472e-a8a2-a43a09fc8311,d6372371-ceb8-4192-930b-97d6ccb1d45a,.FannShizu,SELL,LEATHER,Leather,1,4.858455590347658,4.858455590347658,2025-12-13 17:26:07
bf42bb50-acd2-4f07-a22d-7fe5e87bccea,815c92ab-a186-4b5a-b154-37854c115830,.FannShizu,SELL,LEATHER,Leather,1,4.627100562235878,4.627100562235878,2025-12-13 17:26:07
e1b3cdbc-b08e-4efd-9adb-03ae99765a3a,0725838d-e490-4a3c-8b1a-7afc40ab1efc,.FannShizu,SELL,LEATHER,Leather,1,4.4067624402246315,4.4067624402246315,2025-12-13 17:26:08
16d11e18-0156-4ffd-baf8-d3b07d11fe67,ee1c5a99-cb61-422c-a198-c8344a8e43eb,.FannShizu,SELL,LEATHER,Leather,1,4.196916609737748,4.196916609737748,2025-12-13 17:26:12
1a784531-f637-4812-87fd-0445a9ca6517,2c0d376b-fca7-4e77-83a2-948e197d7128,.FannShizu,SELL,LEATHER,Leather,1,3.9970634378454775,3.9970634378454775,2025-12-13 17:26:13
9a6b84d7-4407-490a-852a-ff22466bf0f1,c91c8a46-7939-47ed-b443-6139b909a71e,.FannShizu,SELL,LEATHER,Leather,1,3.8067270836623632,3.8067270836623632,2025-12-13 17:26:15
4b17fb88-792d-40ba-bbe1-3c85032fe5c3,addfbc82-6183-436a-bb02-827a1733282b,.FannShizu,SELL,LEATHER,Leather,1,3.6254543653927134,3.6254543653927134,2025-12-13 17:26:17
4b4b4a82-dccf-4e08-8d8a-3a75b722a755,8bace56e-61ba-4a1b-ae85-fd4ce897e536,Xitsongalo,SELL,BONE,Bone,48,41.495999999999995,0.8644999999999999,2025-12-13 17:26:22
f8188996-7608-456c-a890-26e75f07ef60,8c9aa4db-c8bd-4c20-a017-335d70798652,Xitsongalo,SELL,BONE,Bone,64,42.728629999999995,0.6676348437499999,2025-12-13 17:26:23
1220ba39-9f03-4d0f-a21b-00c4d7a6dc91,57ae861d-70fd-41c0-8d0a-ac49fe8eef2d,.FannShizu,SELL,MUTTON,Mutton,1,1.39937,1.39937,2025-12-13 17:26:24
615267dd-339e-48d9-8939-a22dd6b62465,a60c9582-a5a0-437b-817c-f45b0b5d0fc7,.FannShizu,SELL,BEEF,Beef,1,2.099055,2.099055,2025-12-13 17:26:27
471ca91c-988b-4d12-afe2-b16335bdd381,44e49eee-da4b-4e99-bc85-77d043b14880,.FannShizu,SELL,BEEF,Beef,1,2.097165,2.097165,2025-12-13 17:26:28
0bfdb4e7-e7c3-409b-a7bb-7150df5581bf,f51e3934-afbd-4b19-b88d-a88462025930,.FannShizu,SELL,BEEF,Beef,1,2.095275,2.095275,2025-12-13 17:26:30
1d2fc8f0-80c3-4253-9ffd-839cdac45f48,c276f414-802b-43a9-b2cc-f0043a0939fa,.FannShizu,SELL,BEEF,Beef,1,2.0933849999999996,2.0933849999999996,2025-12-13 17:26:33
7b42b520-09ce-4ee6-99f2-ada4be295960,76ad1558-265d-42d8-aaf3-a8abcf239bce,.FannShizu,SELL,BEEF,Beef,1,2.0914949999999997,2.0914949999999997,2025-12-13 17:26:35
294ae151-8a57-46a6-a735-338237c156d5,d230dc8e-e680-4bd1-8403-a525cb4de84d,.FannShizu,SELL,BEEF,Beef,1,2.0896049999999997,2.0896049999999997,2025-12-13 17:26:37
1b53a022-f46a-405e-92b3-14909a96d7ea,1ae304c5-861a-4787-8d22-612f72918070,.FannShizu,SELL,BEEF,Beef,1,2.0877149999999998,2.0877149999999998,2025-12-13 17:26:38
05a891e2-d1f2-4879-b581-e6544c0cbaba,0c7a27e7-b15c-48b0-a427-875d3853d0fe,.FannShizu,SELL,BEEF,Beef,1,2.085825,2.085825,2025-12-13 17:26:40
7b43f1ef-6e30-4718-986e-736a0736d6a6,058414be-5e2f-42b3-a1dd-79c264fa379e,.FannShizu,SELL,BEEF,Beef,1,2.083935,2.083935,2025-12-13 17:26:45
8a5fb106-d24f-44cf-8118-618ee545ec74,46719a86-cde4-4879-ba8d-8bd3f218ad20,.FannShizu,SELL,BEEF,Beef,1,2.082045,2.082045,2025-12-13 17:26:46
df1b6b82-aec6-47dc-8052-7136a171b792,87ee81e8-6f29-4492-8df8-46e68d10f8ed,Xitsongalo,SELL,ARROW,Arrow,64,21.00896,0.328265,2025-12-13 17:26:49
91fe8555-ee0a-4b85-9f41-9961bcf810d3,0598020a-aa08-4d30-b30a-0b80092a046c,Xitsongalo,SELL,ARROW,Arrow,51,15.817777499999998,0.31015249999999994,2025-12-13 17:26:51
095db9b5-b211-4903-a001-8fbbdd8e2893,840d3d26-37ea-49c6-91cb-ae70023e9426,Xitsongalo,SELL,ARROW,Arrow,64,18.690559999999998,0.29203999999999997,2025-12-13 17:26:52
bd34742b-d475-4434-a9cb-3113db389e7b,d35c2253-a3b9-48a3-913d-9e0901440539,Xitsongalo,SELL,ARROW,Arrow,64,17.400319999999997,0.27187999999999996,2025-12-13 17:26:52
9f5c37c1-40a8-475e-bb0e-8c684eb9fefa,d048c7ca-9509-48e5-92df-50d9e705e05a,Xitsongalo,SELL,ARROW,Arrow,64,16.11008,0.25172,2025-12-13 17:26:52
9af552b4-8409-4ff8-a7d8-5f4332a6811d,4dc44b96-39e7-4460-8dd6-73744ec2f61d,Xitsongalo,SELL,ARROW,Arrow,64,14.819839999999997,0.23155999999999996,2025-12-13 17:26:52
4a9372c5-a3b2-43c2-a0cf-3df30b8e9f3d,32357d87-f222-4255-a626-49d6c5b68b3a,Xitsongalo,SELL,ARROW,Arrow,64,13.529599999999999,0.21139999999999998,2025-12-13 17:26:53
741d6bbf-5b96-4386-873e-26dd5b78de9f,2b6a33bd-0926-41e7-9757-7975ea4bfeaf,Xitsongalo,SELL,ARROW,Arrow,64,6.773479999999999,0.10583562499999999,2025-12-13 17:26:53
6070a920-0121-4631-9358-1ca3da84f050,e666a2f0-3987-43da-9faf-9734e534edb2,Xitsongalo,SELL,ARROW,Arrow,64,2.2399999999999993,0.03499999999999999,2025-12-13 17:26:53
c3c28de4-f059-43aa-9bcc-f326edf430e5,e23e037d-666c-49cb-8696-ce5d587166a2,Xitsongalo,SELL,ARROW,Arrow,64,2.2399999999999993,0.03499999999999999,2025-12-13 17:26:53
ce8bef88-70af-47e1-916b-77181435e93c,68a36ee7-8f54-497b-89d6-96568d38f1ee,Xitsongalo,SELL,ARROW,Arrow,13,0.4549999999999999,0.03499999999999999,2025-12-13 17:26:53
383daa59-6315-4c8b-a269-ef370e42fdfe,821c79e2-d008-4021-b63e-71bee4267591,Xitsongalo,SELL,ARROW,Arrow,64,2.2399999999999993,0.03499999999999999,2025-12-13 17:26:54
2ab40049-dad3-4905-9517-f846fb69243a,4327bba2-0b60-4d40-8b01-c31c466c10af,Xitsongalo,SELL,ARROW,Arrow,64,2.2399999999999993,0.03499999999999999,2025-12-13 17:26:54
25bab81c-bdf8-4c2b-88ea-89bf4aeb396f,d6767536-22e3-4dea-a2ed-29c7f748bab5,Xitsongalo,SELL,ARROW,Arrow,51,1.7849999999999995,0.03499999999999999,2025-12-13 17:26:54
5dc1006b-ce41-4074-bfc6-2b9d2865d70e,874ca8ff-4553-4896-aa04-0236be7e86dc,Xitsongalo,SELL,BONE,Bone,64,8.959999999999997,0.13999999999999996,2025-12-13 17:26:55
0c083d72-283f-4592-bca5-e16dd643bbd6,7e89479f-b3c5-4077-97c9-38ad3b29c0ff,Xitsongalo,SELL,BONE,Bone,64,8.959999999999997,0.13999999999999996,2025-12-13 17:26:56
2180c701-bd3e-403e-a534-7737531c2d08,5a1090ac-8623-41c5-9687-2577019bb3d0,Xitsongalo,SELL,BONE,Bone,64,8.959999999999997,0.13999999999999996,2025-12-13 17:26:56
afc4bb79-3003-4457-9a55-2ab632e3b94d,7068172c-857b-42ea-a1ba-3587e4cb2a18,Xitsongalo,SELL,BONE,Bone,64,8.959999999999997,0.13999999999999996,2025-12-13 17:26:56
4a93a957-c5f3-46a5-9252-f803a6b87b63,9a97e9a1-647d-447f-9315-eec2b82d914e,Xitsongalo,SELL,BONE,Bone,4,0.5599999999999998,0.13999999999999996,2025-12-13 17:26:56
bfca2a3d-b110-49c5-a153-f6b2d18f21ad,70bea61e-83d5-4c86-a997-4aca71bb9617,Xitsongalo,SELL,BONE,Bone,4,0.5599999999999998,0.13999999999999996,2025-12-13 17:26:56
15953123-8ae7-4e33-a115-a34711d060ca,dd849478-09ca-47d0-ae56-7042cf7f017e,Xitsongalo,SELL,BONE,Bone,64,8.959999999999997,0.13999999999999996,2025-12-13 17:26:56
f7943422-c2d0-4dd1-a22c-2359a316c169,114e09eb-7c5b-43f2-bf04-3df3ad9c5e1d,Xitsongalo,SELL,BONE,Bone,64,8.959999999999997,0.13999999999999996,2025-12-13 17:26:57
a9cf1992-dc15-49dc-98bd-87501b32a4de,7b825c87-8bec-416d-b732-5fcb6fc53f6e,Xitsongalo,SELL,BONE,Bone,56,7.839999999999998,0.13999999999999996,2025-12-13 17:26:57
a981a34f-388e-4843-9837-05f535ff8ea4,582ca26c-cb5a-4604-98d0-6119f831bd27,Xitsongalo,SELL,BONE,Bone,4,0.5599999999999998,0.13999999999999996,2025-12-13 17:26:58
496499b6-deca-4d56-a33f-ff92d6b01c73,d7945cb5-cb09-400c-85a5-78008ce0b65d,Maul_FZC,SELL,AMETHYST_SHARD,Amethyst Shard,64,285.9136,4.4674,2025-12-13 17:26:58
2b5e5007-9c17-4065-a941-9b5a65889ed9,b309acc9-6a11-40c3-8815-6193657e5b81,Xitsongalo,BUY,NETHERITE_UPGRADE_SMITHING_TEMPLATE,Netherite Upgrade Smithing Template,1,204.9593431428787,204.9593431428787,2025-12-13 17:27:16
86b3d399-8c0e-4a26-ba3a-58575092aa4b,ddfde903-71f6-4c29-a235-8dee2b1101a2,.FannShizu,BUY,NETHERITE_UPGRADE_SMITHING_TEMPLATE,Netherite Upgrade Smithing Template,1,215.2073103000224,215.2073103000224,2025-12-13 17:31:47
6bbe3bf0-3239-48e1-9706-ec5ea8f20f9c,2804f75e-c06e-4856-afb6-88bb670c6d50,Xitsongalo,SELL,TUFF,Tuff,64,27.18016,0.42469,2025-12-13 17:32:57
c8d00809-eaaf-4dec-90d9-5405dab795a9,5ec67765-f2b1-4a9e-8900-012b13bb234e,Xitsongalo,SELL,TUFF,Tuff,64,14.547715,0.227308046875,2025-12-13 17:32:58
7dac0a3e-2740-48d3-a100-1a8778d0d4c1,1829a504-9a4b-4a9b-ac85-77bf80f68329,Xitsongalo,SELL,TUFF,Tuff,64,4.479999999999999,0.06999999999999998,2025-12-13 17:32:58
c6585828-d492-45f4-891a-e8fa5b406f9c,cceef74b-1719-4bb9-95fe-0d00bab4428f,Xitsongalo,SELL,COBBLED_DEEPSLATE,Cobbled Deepslate,64,51.11231999999999,0.7986299999999998,2025-12-13 17:32:59
4a443d6e-fb04-479d-9017-1d8cf255cd69,df168704-d68b-4739-a7d6-6af00534907a,Xitsongalo,SELL,COBBLED_DEEPSLATE,Cobbled Deepslate,10,7.6366499999999995,0.7636649999999999,2025-12-13 17:33:00
4ba61c51-d2c8-482a-b61b-d713c1c73145,ad8de4ac-496e-414f-988a-237297c12947,Xitsongalo,SELL,TUFF,Tuff,49,3.429999999999999,0.06999999999999998,2025-12-13 17:33:01
9412eaa1-5e8a-461c-940a-104aa3b03972,e787ee1f-91b6-4064-b25a-ec7180de9811,Xitsongalo,SELL,TUFF,Tuff,15,1.0499999999999996,0.06999999999999998,2025-12-13 17:33:01
5de8b5e6-55a6-4f40-8602-75041435db1c,70449845-e9aa-4dea-905c-8cb01427cd0f,Xitsongalo,SELL,TUFF,Tuff,49,3.429999999999999,0.06999999999999998,2025-12-13 17:33:02
26235ce6-9afb-444e-a328-d1cee1cb2b82,95498eed-0c7b-460b-9204-feb1f7e3d978,Xitsongalo,SELL,NETHERRACK,Netherrack,64,20.92832,0.327005,2025-12-13 17:35:06
c78680fd-a603-4f71-b1a8-3d8ef6a771b1,96dbab18-67a4-4f80-847d-51b3ce91ea46,Xitsongalo,SELL,NETHERRACK,Netherrack,64,19.63808,0.306845,2025-12-13 17:35:07
86d643fd-626a-4dc0-822b-62d268435990,27ee79eb-f571-42f8-8075-97206a56ed99,Xitsongalo,SELL,NETHERRACK,Netherrack,64,18.347839999999998,0.28668499999999997,2025-12-13 17:35:07
b0ca84a7-128b-4cec-9947-635704d727c6,d8fa7afe-ee4e-4bd7-ab48-228fd7ac1fef,Xitsongalo,SELL,NETHERRACK,Netherrack,64,17.0576,0.266525,2025-12-13 17:35:08
623e4018-ab80-4aa1-9781-b0f2a70c79b9,34688d6d-de63-4d56-a608-6ea99c6ac326,Xitsongalo,SELL,NETHERRACK,Netherrack,64,15.767359999999998,0.24636499999999997,2025-12-13 17:35:08
beaaf998-3283-4c38-9a1b-0df3e5b777f0,5ca86318-11ac-46bb-8557-9cad49f597bf,Xitsongalo,SELL,NETHERRACK,Netherrack,64,14.47712,0.226205,2025-12-13 17:35:08
d3eae720-4fe3-4ec3-b34d-297504399d1c,44bc259f-a39f-4323-8a69-c934b6f7f36f,Xitsongalo,SELL,NETHERRACK,Netherrack,64,13.186879999999999,0.20604499999999998,2025-12-13 17:35:08
3515e293-bce9-4ccf-9b80-534a02838b07,fdf1b7c4-afdb-4332-8b12-1ae169be219b,Xitsongalo,SELL,NETHERRACK,Netherrack,18,2.3815575,0.13230875,2025-12-13 17:35:10
d8c88e7e-bf3e-4ef5-971f-ae796a3b21b4,f9e38f49-da4d-4bc5-b0c3-5b7e0dd8ce18,Xitsongalo,SELL,NETHERRACK,Netherrack,18,0.6299999999999998,0.03499999999999999,2025-12-13 17:35:10
e9d16dc3-4ba6-42e1-a1a7-19c53884108c,4c759a43-a893-480a-ad42-85e3003b2b3e,Xitsongalo,SELL,NETHERRACK,Netherrack,18,0.6299999999999998,0.03499999999999999,2025-12-13 17:35:10
e2e329f9-2580-4605-bd67-a1e1389480bc,30bc983c-c5ee-4348-b1cc-5758ec309df4,Xitsongalo,SELL,NETHERRACK,Netherrack,18,0.6299999999999998,0.03499999999999999,2025-12-13 17:35:11
b72bfb77-6552-45e0-852c-654659fdef83,2db23903-6812-4d9b-8dc8-9e99bd450990,Xitsongalo,SELL,NETHERRACK,Netherrack,18,0.6299999999999998,0.03499999999999999,2025-12-13 17:35:11
4ba3a1d3-1079-4086-a02c-284528305798,12e88870-b9b5-4745-b1af-bce930295361,Xitsongalo,SELL,NETHERRACK,Netherrack,18,0.6299999999999998,0.03499999999999999,2025-12-13 17:35:11
9578fab9-2166-4089-a514-4b45535411c6,81a7313a-3f92-464a-b496-710200239b97,Xitsongalo,SELL,NETHERRACK,Netherrack,18,0.6299999999999998,0.03499999999999999,2025-12-13 17:35:11
e82a17a7-abe3-479d-8be3-0fc8e591841e,78c1dd08-f393-4486-b6cd-0466db3b9a61,Xitsongalo,SELL,NETHERRACK,Netherrack,18,0.6299999999999998,0.03499999999999999,2025-12-13 17:35:11
4a8773c8-2e08-4856-acb2-b6cdaf91217f,78f70057-3cd2-499d-abe4-ad89e9b32d9b,Xitsongalo,SELL,NETHERRACK,Netherrack,18,0.6299999999999998,0.03499999999999999,2025-12-13 17:35:13
d8511dfb-677d-4194-ad84-ab3e7a27eb98,b63553db-25b0-4bdb-bd90-a1a9502e7e74,Xitsongalo,SELL,NETHERRACK,Netherrack,18,0.6299999999999998,0.03499999999999999,2025-12-13 17:35:13
de6588f0-ed03-4d6c-a742-6b1336743208,e52d98b4-fa65-4e29-ab42-30e83198262a,Xitsongalo,SELL,NETHERRACK,Netherrack,18,0.6299999999999998,0.03499999999999999,2025-12-13 17:35:13
4714835b-d1ad-441d-8a86-fca39a98bb00,59e5a727-e523-48fa-ad78-ac2dd02fdd79,Xitsongalo,SELL,NETHERRACK,Netherrack,18,0.6299999999999998,0.03499999999999999,2025-12-13 17:35:13
1127a756-1de7-498f-81b5-3c4d30eacb35,97d65e95-9139-431c-8053-09a85efb2914,Xitsongalo,SELL,NETHERRACK,Netherrack,64,2.2399999999999993,0.03499999999999999,2025-12-13 17:35:14
16c4ccde-42f1-49c5-ab7d-49d83cdb73c3,94f6f2e3-25a7-44f6-a029-8031002d4782,Xitsongalo,SELL,NETHERRACK,Netherrack,64,2.2399999999999993,0.03499999999999999,2025-12-13 17:35:14
1c7bceff-19d4-45cf-814a-70ea6cd84c65,6369d411-b889-48b7-98d4-7d95bbf6b835,Xitsongalo,SELL,NETHERRACK,Netherrack,64,2.2399999999999993,0.03499999999999999,2025-12-13 17:35:14
4609b67d-44cc-4f34-ada3-ffe51c3e25e6,dc7b45bc-1661-4e12-bead-8fcbb5759511,Xitsongalo,SELL,NETHERRACK,Netherrack,64,2.2399999999999993,0.03499999999999999,2025-12-13 17:35:15
0dd91a95-7261-43e3-bfbf-3891c0df26c4,3c6de7f6-637c-4b2f-b3b8-19aa8043fc50,Xitsongalo,SELL,NETHERRACK,Netherrack,40,1.3999999999999997,0.03499999999999999,2025-12-13 17:35:20
1eb5fb2b-237d-4052-aa37-40426f216b82,94cbebb0-163f-4a49-9d36-ae748b4c03b2,Xitsongalo,SELL,NETHERRACK,Netherrack,18,0.6299999999999998,0.03499999999999999,2025-12-13 17:35:20
0c2ec731-3d06-41b9-b563-06f283f660bc,23471be0-2480-4642-aed1-9e96de8ef3a9,Xitsongalo,SELL,QUARTZ,Quartz,32,83.1488,2.5984,2025-12-13 17:35:22
aefb891f-5202-4727-9eb0-2bcf97ea3e83,13a7735b-7244-4b43-ab2a-fb875c00b4ab,Xitsongalo,SELL,BASALT,Basalt,64,43.50975999999999,0.6798399999999999,2025-12-13 17:37:40
143a0d5b-6434-48f2-9d60-a6894188a1e0,55d2c3ba-786e-49cb-a988-095c7e9426dd,Xitsongalo,SELL,BLACKSTONE,Blackstone,22,22.829729999999998,1.037715,2025-12-13 17:37:41
da833e16-23ec-40e6-8e04-afc017fb3136,cfef21b5-af3e-4e0f-9e55-ec4f42f899f9,Xitsongalo,SELL,BASALT,Basalt,64,40.92928,0.63952,2025-12-13 17:37:41
0e443cd7-03d4-4bc4-949b-d4b8c684484d,925e538e-6460-4333-af16-a69a3a8b0705,Xitsongalo,SELL,MAGMA_BLOCK,Magma Block,3,6.291494999999999,2.097165,2025-12-13 17:37:42
54e1296a-bcf5-43d5-8809-85d4f39fd2c3,0c307e0c-489f-49ea-bb87-dbe6b4baa92e,Xitsongalo,SELL,NETHER_BRICKS,Nether Bricks,64,87.01951999999999,1.3596799999999998,2025-12-13 17:37:42
95b23b02-8b4d-46f0-b368-78f36f6c0570,ee5cc31d-2ec9-485e-b747-8580056ea832,Xitsongalo,SELL,NETHER_BRICK_FENCE,Nether Brick Fence,7,12.2114125,1.7444875,2025-12-13 17:37:42
e2a2ff2b-fb5d-46aa-9c12-a1651e9cb139,a2087326-faf9-4a65-a9a7-86d9e7497a38,Xitsongalo,SELL,BASALT,Basalt,64,38.3488,0.5992,2025-12-13 17:37:43
211e78e7-66da-4d90-a151-a7a8e54596c1,62f774b2-b7de-48d1-817b-128c945bdc92,Xitsongalo,SELL,NETHER_BRICKS,Nether Bricks,57,73.15665,1.28345,2025-12-13 17:37:44
cf6fdf6d-f06e-43f8-bc26-45802e4e943b,2ed3da89-1a26-43c5-a35e-fbb150cf7a9b,Xitsongalo,SELL,BASALT,Basalt,55,30.894324999999995,0.5617149999999999,2025-12-13 17:37:44
6b021eac-1b37-4c1e-aa1c-c6fe11f64d2a,d0329c09-7023-43a6-94a1-9a000908cd78,Xitsongalo,SELL,NETHERRACK,Netherrack,64,2.2399999999999993,0.03499999999999999,2025-12-13 17:37:45
3cf8e0c0-21f4-4133-bbb8-344137c15f16,129e688c-fead-4650-8123-8aa0434f6424,Xitsongalo,SELL,SOUL_SAND,Soul Sand,4,5.438719999999999,1.3596799999999998,2025-12-13 17:37:46
7694eab7-7fcf-4a13-a07d-9c017131e76b,2c73e273-5dd5-4acd-ba44-cce438546bea,Xitsongalo,SELL,NETHERRACK,Netherrack,64,2.2399999999999993,0.03499999999999999,2025-12-13 17:37:46
fe2d984f-5bb7-4a54-bd2f-5b0131b21765,d00a01d3-e577-42bd-a772-4b46f7c4a88c,Xitsongalo,SELL,QUARTZ,Quartz,16,40.606719999999996,2.5379199999999997,2025-12-13 17:37:47
f9e102bd-4a94-4140-ac41-c5a25465657d,bff03d0e-ddc1-493f-9046-bbdf50eb555a,Xitsongalo,SELL,NETHERRACK,Netherrack,44,1.5399999999999994,0.03499999999999998,2025-12-13 17:37:47
d03301ce-0211-4924-8207-fb04e56e05d4,4787aa09-3d95-4504-afee-1927e2467384,Xitsongalo,SELL,BASALT,Basalt,17,9.163594999999999,0.5390349999999999,2025-12-13 17:38:05
4784dab3-a0f1-4534-b529-98ff6a187b11,b4ea20f9-1abc-4d72-ab30-16699cacbff8,Xitsongalo,SELL,BASALT,Basalt,64,32.86528,0.51352,2025-12-13 17:39:10
b1763355-8a2a-40cb-b4cb-942679c0d5a5,222e2f56-047c-4a28-a550-cad2e801a085,Xitsongalo,SELL,NETHER_BRICKS,Nether Bricks,64,77.26208,1.20722,2025-12-13 17:39:11
2fb2b536-ff18-4a24-b65d-6ea0b7cca3d5,219131c3-092a-481c-b433-bc0e83b469b9,Xitsongalo,SELL,NETHER_BRICKS,Nether Bricks,64,72.10112,1.12658,2025-12-13 17:39:11
e9e9f0fc-425b-49c2-8eb7-a37fca95177e,c95fe54b-cbb8-4c2b-83df-a136f16a4c66,Xitsongalo,SELL,BASALT,Basalt,64,30.284799999999994,0.4731999999999999,2025-12-13 17:39:13
28fc7297-3771-4de5-a7d4-5b49ef73e598,666fff24-d6a6-407b-b299-75fe8c340388,Xitsongalo,SELL,BASALT,Basalt,60,26.0484,0.43414,2025-12-13 17:39:13
ca1a42b3-3fd0-43b4-9303-de0ecbd8aa06,071b6538-1269-41ac-9295-dd177fecac40,Xitsongalo,SELL,NETHER_BRICKS,Nether Bricks,26,27.816879999999998,1.06988,2025-12-13 17:39:14
71e3fd58-6170-4988-a966-515428d7b958,6a72f9dc-4a3e-43d5-a538-9ac05ea7b4fb,Xitsongalo,SELL,BASALT,Basalt,60,20.045759999999998,0.33409599999999995,2025-12-13 17:39:14
56b661a6-e196-4d4d-8167-5b13b8adedde,07266124-0c91-46bf-9d36-39804b299c3a,Xitsongalo,SELL,BASALT,Basalt,60,4.199999999999998,0.06999999999999998,2025-12-13 17:39:15
1e1efa98-83f4-435f-a1a4-5abcd6399b10,09d519c8-ac54-4c64-9aa4-f0d404b57d23,Xitsongalo,SELL,BASALT,Basalt,8,0.5599999999999998,0.06999999999999998,2025-12-13 17:39:15
95d0c4bb-a203-4ae6-ac99-739e81b58c5b,e2952209-8ad1-4968-8f82-8c1f3744c6b7,Xitsongalo,SELL,NETHERRACK,Netherrack,12,0.4199999999999999,0.03499999999999999,2025-12-13 17:39:16
60ad1cca-f4a7-4146-adce-ae32d8eea133,2aaa86a8-cbd2-4471-8a43-3de147a1801e,Xitsongalo,SELL,NETHER_BRICK_FENCE,Nether Brick Fence,7,12.1342375,1.7334625,2025-12-13 17:39:17
6efc9664-319e-4834-8023-6af7c8cad4cd,822ad3ee-ea4d-4622-87fa-72c5772f399a,Xitsongalo,SELL,COBBLESTONE,Cobblestone,64,15.218034999999997,0.23778179687499995,2025-12-13 17:43:15
0a284033-e39b-41ed-b037-49b13e74561a,e1ff5145-4f8a-48ac-8216-8b7ea806413f,Xitsongalo,SELL,GRANITE,Granite,64,42.34048,0.66157,2025-12-13 17:43:15
98fefe82-5de8-41b5-b407-742d82d0a762,9430ccd8-483f-429c-92f6-22126756ce86,Xitsongalo,SELL,GRANITE,Granite,64,39.76,0.62125,2025-12-13 17:43:16
d1bf4270-fbb3-474c-9b3c-d7050f8f8fa4,2ffcf2a9-d4df-4767-b772-1b7daccdfc13,Xitsongalo,SELL,ARROW,Arrow,2,0.06999999999999998,0.03499999999999999,2025-12-13 17:43:16
9ad183ff-64ef-4a97-8378-05d048f9ff8a,3957d25d-2260-4db8-b8b4-4b4e6d07179e,Xitsongalo,SELL,RAW_IRON,Raw Iron,9,24.21342,2.6903799999999998,2025-12-13 17:43:17
d99f7ea4-5ecb-4dd8-acb9-f0e7fe967bdd,eaa19b8e-1b66-4962-a021-4dac53a99c0b,Xitsongalo,SELL,GRANITE,Granite,64,37.17952,0.58093,2025-12-13 17:43:17
d5d04e92-4add-440b-8982-18bda00ce731,8bac033b-a436-43af-9f2f-a7c77b2d7a09,Xitsongalo,SELL,DIORITE,Diorite,64,42.380799999999994,0.6621999999999999,2025-12-13 17:43:18
5b4e461d-3ed3-46e3-945f-b8341180097c,14817ad4-b7de-433a-bea9-b2fcb5a7dd4b,Xitsongalo,SELL,DIRT,Dirt,41,16.624475,0.40547500000000003,2025-12-13 17:43:19
623cd8b6-1700-4c5d-b006-3bc8cd55f0e6,73ab034d-3b94-46f4-b06c-bac84c6e7b92,Xitsongalo,SELL,COBBLESTONE,Cobblestone,64,4.479999999999999,0.06999999999999998,2025-12-13 17:43:20
29fb969c-742c-4d1b-bf4f-175b8371e813,be2b6c57-6901-4838-91eb-79aa47bf2f7d,Xitsongalo,SELL,COBBLESTONE,Cobblestone,64,4.479999999999999,0.06999999999999998,2025-12-13 17:43:20
f91d9b4a-9e5b-49c6-81ff-53c48f777c64,c853ade6-bc9c-4a08-bcb1-fde020d83440,Xitsongalo,SELL,COBBLESTONE,Cobblestone,64,4.479999999999999,0.06999999999999998,2025-12-13 17:43:20
392a5c65-4e31-4d11-9975-d80ed8769c34,0b979f23-e457-44b9-8e30-6f657602419f,Xitsongalo,SELL,DIORITE,Diorite,48,30.092159999999996,0.6269199999999999,2025-12-13 17:43:21
ef135e28-cc2d-4316-8886-dd81baaecf50,a148b332-8e91-4e7f-a267-70e39f378dda,Xitsongalo,SELL,TORCH,Torch,1,0.699685,0.699685,2025-12-13 17:43:21
22827d5b-9116-4f0b-8ede-ca7782a626b5,aa7f589e-3d90-4ca5-aab7-11ec9358c687,Xitsongalo,SELL,COBBLESTONE,Cobblestone,64,4.479999999999999,0.06999999999999998,2025-12-13 17:43:22
c32c5c89-ea62-471a-afd4-1bd8d77341df,efaa216e-5927-4265-a0b0-1adaa4da1eb2,Xitsongalo,SELL,GRANITE,Granite,1,0.5604549999999999,0.5604549999999999,2025-12-13 17:43:22
6750ef82-78be-4059-ad42-baadf5d391bb,00c39ae4-31a9-4a3b-b7b4-fada974cf252,Xitsongalo,SELL,ANDESITE,Andesite,28,19.000239999999998,0.67858,2025-12-13 17:43:23
0ebd958a-e4e5-4dbb-98e4-18beda154a32,ee208cb6-40d8-478a-ae59-1fe46780876e,Xitsongalo,SELL,GRAVEL,Gravel,13,9.046764999999999,0.6959049999999999,2025-12-13 17:43:25
fbe2064a-5802-43a9-9d38-88fc7e995dd7,903a1192-1479-4a82-920e-0f13424fd3db,Xitsongalo,SELL,GRANITE,Granite,1,0.5598249999999999,0.5598249999999999,2025-12-13 17:43:26
d6984325-8ff8-4fcd-bbf0-34464445cdba,f44df12f-d6a1-4cb5-b163-73c19c3e6358,Xitsongalo,SELL,GRANITE,Granite,62,33.478759999999994,0.5399799999999999,2025-12-13 17:43:26
ed04495e-e833-4ca7-b215-c95a9df3a121,46502122-fa76-4051-b8cf-7718ad303a71,Xitsongalo,SELL,GRANITE,Granite,1,0.520135,0.520135,2025-12-13 17:43:27
a45a200f-48bb-4ca9-9434-4d9e5a484724,b0093c20-85e7-4c1c-a88b-9fcc0d8348de,Xitsongalo,SELL,ROTTEN_FLESH,Rotten Flesh,1,0.644875,0.644875,2025-12-13 17:43:33
2b3d8343-a6f5-47fb-a0b9-52a586ef9616,64fe57f7-56aa-4883-bec7-b1c18539165d,.FannShizu,BUY,FIRE_CHARGE,Fire Charge,1,4.099186862857574,4.099186862857574,2025-12-14 00:22:20
89434765-d68b-4277-8f12-a98b3b025347,906780d3-9744-402f-b56b-1d47d324bb30,.FannShizu,BUY,GOLDEN_BOOTS,Golden Boots,1,30.743901471431805,30.743901471431805,2025-12-14 00:23:34
d8256ab1-9710-4159-973a-9f4e5630c44a,6941dc92-62c8-4540-a8aa-39b6111f2400,.FannShizu,BUY,COOKED_MUTTON,Cooked Mutton,1,4.099186862857574,4.099186862857574,2025-12-14 00:30:39
cd2220a0-ca51-4ce7-b488-7f1c71b5d132,bf10ae07-9758-4123-8a38-bc803618ab06,.FannShizu,BUY,TNT,Tnt,1,12.297560588572722,12.297560588572722,2025-12-14 03:46:06
5f649b25-fa0e-4350-ada0-6c797133e2fe,bac36601-039a-479f-b6c2-f3f1475f4e8f,.FannShizu,BUY,TNT,Tnt,1,12.912438618001344,12.912438618001344,2025-12-14 03:46:07
22ea202e-31a8-49f1-b082-e7ee25533823,f13b2f30-41bc-413b-8127-82b4459607d2,.FannShizu,BUY,TNT,Tnt,1,13.558060548901437,13.558060548901437,2025-12-14 03:46:08
50881e36-1eb0-4460-9b30-566976737207,f3c916b5-3831-4cd5-b59e-37277bc53295,.FannShizu,BUY,TNT,Tnt,1,14.235963576346512,14.235963576346512,2025-12-14 03:46:09
16b599bf-09c1-427d-bf59-620d63726c76,000fa61c-1439-44ed-a0da-23aae6d1d062,.FannShizu,BUY,TNT,Tnt,1,14.947761755163839,14.947761755163839,2025-12-14 03:46:10
454dd5cd-49de-4413-a6ed-8b66f272f3ad,5da54856-cd68-4796-ad25-eae29b7c760c,.FannShizu,BUY,TNT,Tnt,1,15.695149842922016,15.695149842922016,2025-12-14 03:46:11
2d08bcfe-c2ae-45e4-9d45-e3edb6217313,a56c215b-db4c-44d9-8719-03418c42dbac,.FannShizu,BUY,TNT,Tnt,1,16.47990733506811,16.47990733506811,2025-12-14 03:46:11
2ca3c639-402f-43ed-a92f-e2b296e1e44b,c8a5768a-b0d8-4b53-90ae-8d4e7f038682,.FannShizu,BUY,TNT,Tnt,1,17.303902701821517,17.303902701821517,2025-12-14 03:46:12
6f85210f-7e6e-468d-9718-f265ca174584,ff7c11d2-b92e-4f4e-b0f6-3df0a7065abf,.FannShizu,BUY,TNT,Tnt,1,18.1690978369126,18.1690978369126,2025-12-14 03:46:13
ce25474b-2860-4894-9229-8165e80c4c89,9d1a8a84-aa81-48f9-b24e-809ccabaed5a,.FannShizu,BUY,TNT,Tnt,1,19.07755272875821,19.07755272875821,2025-12-14 03:46:13
04e3a50e-6610-43ce-a679-7219e7cb91de,a69d95c9-b521-4cc6-bcda-957a9d9dda90,.FannShizu,BUY,CARROT,Carrot,1,2.049593431428787,2.049593431428787,2025-12-14 03:51:58
a070efde-a327-4b8c-8e77-fcbd2ae7ba07,af9e516d-99e6-4abf-a522-3e50c6dcf742,.FannShizu,BUY,FIRE_CHARGE,Fire Charge,1,4.304146206000448,4.304146206000448,2025-12-14 04:01:14
52665c56-7b89-4beb-b62e-fdd68d4c8c20,17d5064a-4389-4f08-b3f2-4414da505a27,.FannShizu,BUY,FIRE_CHARGE,Fire Charge,1,4.5193535163004785,4.5193535163004785,2025-12-14 04:02:09
14be40f9-ceae-458a-b926-b439ddffec9a,d839a780-d3c4-4041-849e-5e97bc04e54a,.FannShizu,BUY,FIRE_CHARGE,Fire Charge,1,4.745321192115504,4.745321192115504,2025-12-14 04:02:10
84872b2e-428b-4182-9e35-5de4ad81ae50,4c8d1a67-e7fe-4807-90dc-61a3e80cd7be,.FannShizu,BUY,WITHER_SKELETON_SKULL,Wither Skeleton Skull,1,51.23983578571968,51.23983578571968,2025-12-14 04:13:09
0b91950e-b7b8-45fb-a9d5-bc7dc626f07c,d3d8bd6f-da72-4bca-9ff9-152af6419703,.FannShizu,BUY,WITHER_SKELETON_SKULL,Wither Skeleton Skull,1,53.8018275750056,53.8018275750056,2025-12-14 04:13:11
3e482fb4-1d85-41a3-8e82-b53132bdebdd,beac23d7-e70d-4541-9949-9eb38d54519a,.FannShizu,BUY,WITHER_SKELETON_SKULL,Wither Skeleton Skull,1,56.491918953755984,56.491918953755984,2025-12-14 04:13:11
b57106a0-7317-45de-bb75-4deba436beca,77093eaa-6877-48ed-997b-fc4af10881cc,.FannShizu,BUY,NETHERITE_INGOT,Netherite Ingot,1,409.9186862857574,409.9186862857574,2025-12-14 04:14:17
c9a889c5-e3d5-49e6-864a-e452dcc1451d,fccfa0ab-4b1f-4861-aa83-978e7c0932f2,.FannShizu,BUY,NETHERITE_INGOT,Netherite Ingot,1,430.4146206000448,430.4146206000448,2025-12-14 04:14:20
26483404-b50e-499a-84f9-b63ec1139351,f3cddcb8-2597-4907-8e68-7d0b62e3d4fa,.FannShizu,BUY,NETHERITE_INGOT,Netherite Ingot,1,451.9353516300479,451.9353516300479,2025-12-14 04:14:22
25210301-ad3d-4f36-875f-c285378133af,96aea47c-af8b-49c2-aedd-c1b401b3d2c7,.FannShizu,BUY,NETHERITE_INGOT,Netherite Ingot,1,474.53211921155037,474.53211921155037,2025-12-14 04:15:15
ccea642f-5fe9-4e67-967d-f5b499cf30cd,a0a4ab1f-1db0-4ad6-ab93-6b24baee086e,.FannShizu,BUY,SMITHING_TABLE,Smithing Table,1,6.148780294286361,6.148780294286361,2025-12-14 04:16:22
5f9c541b-1a67-41eb-a542-f9b58d378515,4b3fbcea-061d-4b70-9e75-554e3504e02f,.FannShizu,BUY,NETHERITE_INGOT,Netherite Ingot,1,498.258725172128,498.258725172128,2025-12-14 04:20:35
ce4fd02e-6e43-48e4-ae26-6261320747fc,97de26e8-8993-4439-b43c-8852fd89fe1b,Xitsongalo,BUY,TNT,Tnt,1,20.03143036519615,20.03143036519615,2025-12-14 04:29:51
955d2561-5f93-464e-b95c-043039b77340,fe6c06cb-3e9d-468c-9792-a98b4e9d2f7e,.FannShizu,BUY,LAPIS_ORE,Lapis Ore,1,5.123983578571968,5.123983578571968,2025-12-14 04:43:40
b0591b64-c5c0-4fb3-bee3-55a7a441c7ae,dd302d21-d84d-4435-8b48-213b388933a0,.FannShizu,BUY,LAPIS_ORE,Lapis Ore,1,5.3801827575005605,5.3801827575005605,2025-12-14 04:43:42
0bbd9249-8380-4025-a2cc-4edfc806de0c,45c2ea6b-5ae7-40b5-a506-c692f7fc94d1,.FannShizu,BUY,AMETHYST_SHARD,Amethyst Shard,1,6.0985,6.0985,2025-12-14 04:50:29
2eb6f9b3-b5b4-4de4-b800-1fdce8c0596c,71c3b7cc-5512-444b-ab2c-75e8e8227956,.FannShizu,BUY,AMETHYST_SHARD,Amethyst Shard,1,6.1075,6.1075,2025-12-14 04:50:31
edc46cfb-e1e2-4a54-9607-88792bf4b6fc,85b8984b-e735-4513-af71-7f40559a591d,.FannShizu,BUY,AMETHYST_SHARD,Amethyst Shard,1,6.1165,6.1165,2025-12-14 04:50:33
480edb1a-01f5-450e-b3bb-29fb37ee3348,e23a37cb-8581-4197-b5af-88b5ab10b331,.FannShizu,BUY,AMETHYST_SHARD,Amethyst Shard,1,6.125500000000001,6.125500000000001,2025-12-14 04:50:35
0a5f37aa-b1a5-4fc3-bd0a-b8735b9c1780,f47fc626-7e38-4af1-8176-ba4b34eb260f,.FannShizu,BUY,VEX_ARMOR_TRIM_SMITHING_TEMPLATE,Vex Armor Trim Smithing Template,1,51.23983578571968,51.23983578571968,2025-12-14 04:51:53
b6492d6e-8358-4a77-bec6-483dc0ca263c,db309a7e-2974-4ebe-a7ed-49e8a68efa3c,.FannShizu,BUY,VEX_ARMOR_TRIM_SMITHING_TEMPLATE,Vex Armor Trim Smithing Template,1,53.8018275750056,53.8018275750056,2025-12-14 04:51:55
c649f281-5cc4-49ee-9fb6-8c7a040ab6aa,bb7aa0c3-4a87-4594-9c07-56577ad41034,.FannShizu,BUY,VEX_ARMOR_TRIM_SMITHING_TEMPLATE,Vex Armor Trim Smithing Template,1,56.491918953755984,56.491918953755984,2025-12-14 04:51:57
07ad4b95-eddc-4177-a208-81e333cfa337,3b9eea13-5ed8-4a56-be3f-6ae0f2702a04,.FannShizu,BUY,VEX_ARMOR_TRIM_SMITHING_TEMPLATE,Vex Armor Trim Smithing Template,1,59.316514901443796,59.316514901443796,2025-12-14 04:51:58
f88b17cd-63cd-4ba3-a6a4-39b27b9add0e,00436001-1482-4d9f-bf81-ee7f94dd3f48,.FannShizu,BUY,TRIDENT,Trident,1,122.97560588572722,122.97560588572722,2025-12-14 05:12:45
25db76b7-e205-43b7-b432-ec1364b7585e,38e1af55-1c3a-413c-8965-bdd8f95a5133,.FannShizu,BUY,JUNGLE_WOOD,Jungle Wood,1,2.049593431428787,2.049593431428787,2025-12-14 05:38:14
a2b8078c-edae-4d37-9c68-826f8234fa33,643a97df-dd7b-4b23-9469-ae4dc30d38c0,.FannShizu,BUY,JUNGLE_WOOD,Jungle Wood,1,2.152073103000224,2.152073103000224,2025-12-14 05:38:16
bcbde0b1-98a8-4eb8-a499-68f241c28d58,f74da3ad-e316-49c0-908d-b2f24319996d,.FannShizu,BUY,JUNGLE_WOOD,Jungle Wood,1,2.2596767581502393,2.2596767581502393,2025-12-14 05:38:17
10fbef07-8c8b-4595-8a1f-67e52e61c55a,3bc00849-dec6-489b-8e3e-0c98680f8d77,.FannShizu,BUY,JUNGLE_WOOD,Jungle Wood,1,2.372660596057752,2.372660596057752,2025-12-14 05:38:18
397c526c-d802-48b3-b7b1-fccbbaa5f31b,cecfb551-dc5e-48f6-a20a-e453b2369baa,.FannShizu,BUY,JUNGLE_WOOD,Jungle Wood,1,2.49129362586064,2.49129362586064,2025-12-14 05:38:19
634f4b41-d810-444c-8a3d-791ba5d08806,44d71a96-3c9a-4264-a963-5be59164144f,.FannShizu,BUY,JUNGLE_WOOD,Jungle Wood,1,2.615858307153669,2.615858307153669,2025-12-14 05:38:20
78d26e4b-ae92-4e26-aed9-32fdb88ae816,82e261c6-2c42-4b65-a28e-1eabfdd9b54d,.FannShizu,BUY,JUNGLE_WOOD,Jungle Wood,1,2.7466512225113515,2.7466512225113515,2025-12-14 05:38:21
ff1bb659-e034-4316-b54d-1d7bd49cc260,9d62313a-7924-4aa5-a24a-4b767d35cab0,.FannShizu,BUY,JUNGLE_WOOD,Jungle Wood,1,2.88398378363692,2.88398378363692,2025-12-14 05:38:21
5996c371-b0e1-42b7-b1d3-2a28d9e702d4,d4c990b8-b3ad-4efa-ac95-3b7f7374f65c,.FannShizu,BUY,JUNGLE_WOOD,Jungle Wood,1,3.0281829728187666,3.0281829728187666,2025-12-14 05:38:22
48044048-1205-4cae-addb-a5b449cfc73e,605249ea-a737-4751-a2b4-c638e67113bd,.FannShizu,BUY,JUNGLE_WOOD,Jungle Wood,1,3.179592121459702,3.179592121459702,2025-12-14 05:38:23
ac886389-3f43-4b36-88e8-0f1e6aaab34b,92665770-04ec-4acf-b40a-1a418b703545,.FannShizu,BUY,JUNGLE_WOOD,Jungle Wood,1,3.338571727532692,3.338571727532692,2025-12-14 05:38:24
4f582ed0-0719-49de-98c5-35383b077d92,38688ad0-5d1c-4e43-b1bd-c2fd8432e991,.FannShizu,BUY,JUNGLE_WOOD,Jungle Wood,1,3.505500313909329,3.505500313909329,2025-12-14 05:38:25
3641925b-fc69-41cf-b71e-2ddc3f2301ad,816f3ca0-2d69-498a-a444-391e3db96fd8,.FannShizu,BUY,JUNGLE_WOOD,Jungle Wood,1,3.680775329604792,3.680775329604792,2025-12-14 05:38:25
fd71ed3c-c727-4c2f-9cb8-c9ac56e3b145,5c4a65e0-2d63-4e50-a3e2-1be9418ddf43,.FannShizu,BUY,SPRUCE_SAPLING,Spruce Sapling,1,37.90057999717471,37.90057999717471,2025-12-14 05:40:00
ec35b9d7-f74b-462b-be70-e98a9b7268a4,ca845eab-6899-48f2-b87a-f2190da81d22,.FannShizu,BUY,SPRUCE_SAPLING,Spruce Sapling,1,39.79560899703324,39.79560899703324,2025-12-14 05:40:01
bc111438-764d-407c-b0f2-05e5821414c1,fa0d20c9-63d6-4d52-9c3c-993f7115936b,.FannShizu,BUY,SPRUCE_SAPLING,Spruce Sapling,1,41.7853894468851,41.7853894468851,2025-12-14 05:40:06
210539c1-10e9-46fb-9099-246015e54b9a,f165e1d4-db6e-4fcc-8067-c331d9966739,.FannShizu,BUY,BOOK,Book,1,3.558990894086628,3.558990894086628,2025-12-14 05:48:32
e5a411b7-99c4-47e2-b447-2f239764caad,4df8e493-a588-4555-93bf-c2e83ba3d89d,.FannShizu,BUY,BOOK,Book,1,3.7369404387909597,3.7369404387909597,2025-12-14 05:48:32
1a9fd1ed-cd09-4a53-960a-459876cf0b44,0e1da58c-b962-4e03-bf75-abeaf86e0395,.FannShizu,BUY,BOOK,Book,1,3.923787460730504,3.923787460730504,2025-12-14 05:48:34
10e323d6-7210-4f84-8199-7d8538bd9f0e,5ed51760-89a3-474d-b993-e2092ade0bde,.FannShizu,BUY,BOOK,Book,1,4.119976833767027,4.119976833767027,2025-12-14 05:48:34
64078090-f238-4d5f-b763-0ca0a4312466,f0c104fe-e42f-4b7f-b7fa-67138b49a861,.FannShizu,BUY,BOOK,Book,1,4.325975675455379,4.325975675455379,2025-12-14 05:48:35
8e7166e6-1ced-4b04-9d93-b90d6a8be0c9,12dead67-56b8-489f-a4a7-3d920989775d,Xitsongalo,SELL,NETHERRACK,Netherrack,12,0.4199999999999999,0.03499999999999999,2025-12-14 05:53:11
7986b8a4-8648-4a74-8204-83c240359dd6,51d58537-2588-4756-a80b-5ecf610360ea,Xitsongalo,SELL,NETHERRACK,Netherrack,64,2.2399999999999993,0.03499999999999999,2025-12-14 05:53:11
d94af6bb-bcb9-4711-80d4-b81da6262eba,ea602082-3a4b-458a-921e-207b324b8732,Xitsongalo,SELL,NETHERRACK,Netherrack,64,2.2399999999999993,0.03499999999999999,2025-12-14 05:53:11
073e47e3-f397-48fe-91b7-906ee85c0ec7,112522f1-ca80-459b-8f23-978a78393a2a,Xitsongalo,SELL,NETHERRACK,Netherrack,64,2.2399999999999993,0.03499999999999999,2025-12-14 05:53:11
0ffadfbf-ada8-4303-bfbd-006f779c717c,302c4ade-ac9e-40e1-a0bd-9a76e913c1f8,Xitsongalo,SELL,NETHERRACK,Netherrack,64,2.2399999999999993,0.03499999999999999,2025-12-14 05:53:12
bb2a9cbb-3a69-400d-a1d9-614c53fa1b53,6b66a890-659e-471c-87ac-2a6f698a4f7b,Xitsongalo,SELL,NETHERRACK,Netherrack,64,2.2399999999999993,0.03499999999999999,2025-12-14 05:53:12
85bfcdf7-8cdd-4e0d-aad7-a3b6e30a5f63,c01e5569-5b69-4b60-aebf-d6dfa8135a27,Xitsongalo,SELL,NETHERRACK,Netherrack,64,2.2399999999999993,0.03499999999999999,2025-12-14 05:53:12
53a6321c-c5a5-4232-b153-07a4d201267b,606b5665-7ee8-423e-b391-2e776587d2db,Xitsongalo,SELL,NETHERRACK,Netherrack,64,2.2399999999999993,0.03499999999999999,2025-12-14 05:53:12
84fb1d46-3528-42f9-aee2-ea5b857f1925,b82b89f3-678c-414b-af3e-64430a00ddfa,Xitsongalo,SELL,NETHERRACK,Netherrack,64,2.2399999999999993,0.03499999999999999,2025-12-14 05:53:12
293ae93e-a002-456b-92cc-e517462876cd,7fc5c73c-8da5-40d1-a6a5-4b66c40c73b5,Xitsongalo,SELL,NETHERRACK,Netherrack,64,2.2399999999999993,0.03499999999999999,2025-12-14 05:53:13
f7c66a83-571a-4e2b-802d-a53388fe8927,36ed8606-f45f-4f99-9579-d025b5846620,Xitsongalo,SELL,NETHERRACK,Netherrack,64,2.2399999999999993,0.03499999999999999,2025-12-14 05:53:13
716cd8c0-79b0-474c-a2a8-0335e688c15f,5fa296ed-b4f7-4d9e-ba49-cb7903fe0849,Xitsongalo,SELL,NETHERRACK,Netherrack,64,2.2399999999999993,0.03499999999999999,2025-12-14 05:53:13
32de1d02-d5e9-42f6-adea-8bebf1cb585f,400e60b4-1c33-4d7f-96b2-8b7b5b0ad0f9,Xitsongalo,SELL,NETHERRACK,Netherrack,64,2.2399999999999993,0.03499999999999999,2025-12-14 05:53:13
814c7877-ceff-49f1-8ca0-00f3f33df481,77b240f5-c570-42cf-8394-575acd1518ce,Xitsongalo,SELL,NETHERRACK,Netherrack,64,2.2399999999999993,0.03499999999999999,2025-12-14 05:53:13
858dc68b-fad4-4294-98ab-a39f3af5c219,3ed85a9e-4014-43df-a453-8d96a852fb2e,Xitsongalo,SELL,NETHERRACK,Netherrack,64,2.2399999999999993,0.03499999999999999,2025-12-14 05:53:13
3eef7558-9b5e-4792-97ec-c375c445a9da,f882ce32-5ad8-4323-b3d0-d655a0e1d676,Xitsongalo,SELL,NETHERRACK,Netherrack,64,2.2399999999999993,0.03499999999999999,2025-12-14 05:53:14
f3c3cb53-129f-4d85-b06a-9b631493c3e0,a1e9c499-c048-4c73-8c9d-7729bf64050d,Xitsongalo,SELL,NETHERRACK,Netherrack,64,2.2399999999999993,0.03499999999999999,2025-12-14 05:53:14
34a643df-ba0d-4455-abc1-265abd08370d,50d83e98-c9b7-43e1-8847-51cf30144fea,Xitsongalo,SELL,NETHERRACK,Netherrack,64,2.2399999999999993,0.03499999999999999,2025-12-14 05:53:14
b85f25b8-f2a4-4999-b9b7-f8a5bd5a088d,bd289d88-7ffa-4ff9-a92a-aabe73d33416,Xitsongalo,SELL,NETHERRACK,Netherrack,64,2.2399999999999993,0.03499999999999999,2025-12-14 05:53:14
26f4f113-b35a-47b0-915b-3ca4f0aeefcf,531b6cae-6cc1-4e69-af2f-f621941e73ce,Xitsongalo,SELL,NETHERRACK,Netherrack,52,1.8199999999999996,0.03499999999999999,2025-12-14 05:53:14
05eca482-d8c9-47d0-9693-53766daf33a6,4ccd0639-fa06-4125-bd87-2f4ade39e99e,Xitsongalo,SELL,NETHERRACK,Netherrack,64,2.2399999999999993,0.03499999999999999,2025-12-14 05:53:15
89d8f24d-6b34-47da-8376-8e4aa4e36240,3775a626-18c0-424a-940e-f0bd2bed4949,Xitsongalo,SELL,NETHERRACK,Netherrack,64,2.2399999999999993,0.03499999999999999,2025-12-14 05:53:15
0b4c368f-3696-4315-bd08-9342ddf959dd,1a7b1676-d5ad-40cd-807c-03160b34d65e,Xitsongalo,SELL,NETHERRACK,Netherrack,64,2.2399999999999993,0.03499999999999999,2025-12-14 05:53:16
f22f080d-6bec-4e49-a61b-17cf02a54290,c8bfdb79-7ca2-4285-99a1-b2bc6462297f,Xitsongalo,SELL,NETHERRACK,Netherrack,12,0.4199999999999999,0.03499999999999999,2025-12-14 05:53:16
e9ab8e47-015d-4e0d-a24f-ef87e9a22878,17a872e9-e188-41e8-8b77-928cedff196c,Xitsongalo,SELL,QUARTZ,Quartz,42,103.52328,2.46484,2025-12-14 05:53:17
73d433d0-414b-4b1e-b3c8-e307706c5118,5972da6b-b7f6-4fb4-b7bf-020d36412002,Xitsongalo,SELL,BLACKSTONE,Blackstone,17,17.3278875,1.0192875,2025-12-14 05:53:17
fb18aa94-0a70-4ae7-8d00-776f718f6ee7,04b34bf3-5d49-49b1-a0aa-e38dac449b15,Xitsongalo,SELL,GRAVEL,Gravel,1,0.691495,0.691495,2025-12-14 05:53:18
1d15f803-0c86-4c2e-ab27-9393490227d8,44f02d1c-f31b-4b3c-a69a-33ed1cd3cf18,Xitsongalo,SELL,BLACKSTONE,Blackstone,17,17.0547825,1.0032225000000001,2025-12-14 05:53:19
50b00314-0848-42d2-9da8-4553822d619c,c10119b8-e2ee-4b3e-927e-bd5f70f3ba7f,Xitsongalo,SELL,BLACKSTONE,Blackstone,17,16.781677499999997,0.9871574999999998,2025-12-14 05:53:19
020e4b76-8c47-447c-b30e-a2390fd02f90,2eaa67b8-5ea4-4d4e-8d3d-a774dd25c61d,Xitsongalo,SELL,BLACKSTONE,Blackstone,13,12.6487725,0.9729825,2025-12-14 05:53:20
231f7486-9b97-4c5c-a498-286dbbe5b198,4eab96ff-4cc6-423c-93a7-bdb0f0d57466,Xitsongalo,SELL,BLACKSTONE,Blackstone,17,16.2997275,0.9588074999999999,2025-12-14 05:53:22
60edaae9-6224-4d09-84c1-ec96c8b8e562,3ad4361b-9976-4a29-b3d7-b7129d32108c,Xitsongalo,SELL,BLACKSTONE,Blackstone,38,35.44716,0.9328199999999999,2025-12-14 05:53:47
19e6ca2f-ad94-4d5b-b75a-4b52c9e38f0b,2d47f808-f6da-495e-b0da-ace34a22be90,Xitsongalo,SELL,GUNPOWDER,Gunpowder,1,2.2871799999999998,2.2871799999999998,2025-12-14 06:02:45
a61bc2c4-a0ea-492e-94c5-b6f656ba17a6,11bb13a5-c6fa-4b7f-a6c5-4cead3b801d7,Xitsongalo,SELL,GUNPOWDER,Gunpowder,1,2.2846599999999997,2.2846599999999997,2025-12-14 06:02:47
ae2bc891-105d-4151-9722-7107d3359630,4f42cc35-a718-4a4c-b345-bfb01a1d2f45,Xitsongalo,BUY,GUNPOWDER,Gunpowder,64,216.1408,3.3772,2025-12-14 06:02:54
8f039d80-9568-4d95-aa4c-411fc2ce3163,747c85b8-3f9d-4d9a-ba89-ac3e5bfba65d,Xitsongalo,BUY,GUNPOWDER,Gunpowder,64,230.8864,3.6076,2025-12-14 06:02:59
9845960f-0d35-4c80-aa54-b166fc9db134,15b92573-9930-4f2c-91ed-8255067a5b28,Xitsongalo,BUY,GUNPOWDER,Gunpowder,64,245.632,3.838,2025-12-14 06:03:03
5c1f860c-697b-4959-a88d-09fc64ade666,6b5bf738-8144-4da5-99dc-00f7c3a97dad,Xitsongalo,BUY,GUNPOWDER,Gunpowder,1,3.955,3.955,2025-12-14 06:03:04
4c37d6c5-65c1-4b2d-b22b-51e127da3cc8,026ebd1a-f9ee-4ed0-91fc-d2166ea255d7,Xitsongalo,BUY,GUNPOWDER,Gunpowder,1,3.9586,3.9586,2025-12-14 06:03:05
3666bd3d-3edb-4247-a42e-546da822056b,8e15fb19-0ddb-494f-adb1-81ade27904c6,Xitsongalo,BUY,GUNPOWDER,Gunpowder,1,3.9622,3.9622,2025-12-14 06:03:05
4d6615bc-eeb1-4918-b224-71eb8e54a697,5ca0ee7d-c62b-41b8-b832-91cb97f293be,Xitsongalo,BUY,GUNPOWDER,Gunpowder,1,3.9658,3.9658,2025-12-14 06:03:05
9eb8b0d8-10c7-4626-a7e6-a07f8287220d,e75411b7-ce8e-4f1f-ac90-11942d4835f7,Xitsongalo,BUY,GUNPOWDER,Gunpowder,1,3.9694,3.9694,2025-12-14 06:03:05
00ca0f9f-4b83-48a1-9add-f9e018bfa6cb,46005f78-44e0-48c9-b853-e29882c23f78,Xitsongalo,BUY,GUNPOWDER,Gunpowder,1,3.973,3.973,2025-12-14 06:03:05
ec36a3ce-cc06-42a0-ad19-2209db077845,a55430e9-bb38-4e2c-9cef-d0b0baa3b186,Xitsongalo,BUY,GUNPOWDER,Gunpowder,1,3.9766,3.9766,2025-12-14 06:03:06
1c6e38ce-5b73-4115-a138-6257e21955cf,b2c00470-fcba-4a70-b9e0-906dc75881c1,Xitsongalo,BUY,GUNPOWDER,Gunpowder,1,3.9802,3.9802,2025-12-14 06:03:06
bf4ab8b9-2e40-45f2-b57c-21bf129a159f,323515dc-788e-44ea-9126-3974a8343f53,Xitsongalo,BUY,GUNPOWDER,Gunpowder,1,3.9838,3.9838,2025-12-14 06:03:06
a6b971dd-b857-4a6d-8c8c-bb95db8cc578,e98f1b0e-22a2-4607-894f-1a1eceb80a89,Xitsongalo,BUY,GUNPOWDER,Gunpowder,1,3.9874,3.9874,2025-12-14 06:03:07
466d99b2-ef8e-4c92-aa6e-54241815116e,f2370d61-892f-4f4d-b587-be21a62fed2a,Xitsongalo,BUY,GUNPOWDER,Gunpowder,1,3.991,3.991,2025-12-14 06:03:07
46cd87e0-15a2-4d37-aa18-860cd8388634,35ae68d1-51fa-464c-aa9e-d02dd96c4ece,Xitsongalo,BUY,GUNPOWDER,Gunpowder,1,3.9946,3.9946,2025-12-14 06:03:07
4649a74e-ce05-4c26-ae70-2b19e00c5fd1,4bda3947-c660-4c42-97e3-44907d1648f0,Xitsongalo,BUY,GUNPOWDER,Gunpowder,1,3.9982,3.9982,2025-12-14 06:03:08
3a0364a5-333d-4614-aa48-e10602cd070a,8a427151-49e6-4392-8ae4-b93e65d988d7,Xitsongalo,BUY,FLINT_AND_STEEL,Flint And Steel,1,6.148780294286361,6.148780294286361,2025-12-14 06:03:33
e012a63d-ee18-475f-b6d7-db03430bc86e,c570dd3a-ce34-4b51-8fef-9f3cfa7d54a6,Xitsongalo,SELL,NETHERRACK,Netherrack,64,2.2399999999999993,0.03499999999999999,2025-12-14 06:11:55
b9eb3dae-60c7-4500-a401-ed8fb9a6d701,f642931b-eb83-4854-a3c4-b48a17e7ab32,Xitsongalo,SELL,NETHERRACK,Netherrack,64,2.2399999999999993,0.03499999999999999,2025-12-14 06:11:56
375c945c-8d1d-4ad3-a666-efa1478a8724,93a31215-53f3-4457-afa6-13e3d9116249,Xitsongalo,SELL,NETHERRACK,Netherrack,64,2.2399999999999993,0.03499999999999999,2025-12-14 06:11:57
92858e9f-5e8a-4a82-b0f7-4af62a5bba1e,f9343827-b7b2-4e60-9c86-e791cf0fe20a,Xitsongalo,SELL,NETHERRACK,Netherrack,64,2.2399999999999993,0.03499999999999999,2025-12-14 06:11:58
133e6c73-af81-46c9-bb62-b4265f8d73f0,4487f41f-bf73-4198-b4f1-f41e4494f278,Xitsongalo,SELL,NETHERRACK,Netherrack,64,2.2399999999999993,0.03499999999999999,2025-12-14 06:11:58
04a6b8a5-005d-448d-aef0-ee7b6fe407d3,7da14823-7c49-403f-bfd3-69533e06a263,Xitsongalo,SELL,NETHERRACK,Netherrack,64,2.2399999999999993,0.03499999999999999,2025-12-14 06:11:58
6b23064d-3039-455e-92d3-894ac7f8bb2f,f40b15e1-bb31-462f-ab31-e3ea11d9c042,Xitsongalo,SELL,NETHERRACK,Netherrack,64,2.2399999999999993,0.03499999999999999,2025-12-14 06:11:59
067d539a-c431-4dbc-bf39-52973229c554,ebc26992-43a2-4230-98d0-2cb7b21f9fc0,Xitsongalo,SELL,NETHERRACK,Netherrack,64,2.2399999999999993,0.03499999999999999,2025-12-14 06:11:59
619ab80e-add1-4290-a8d5-477630b6c14b,f7ab2729-3b2b-4be8-8f69-19913c5ef911,Xitsongalo,SELL,NETHERRACK,Netherrack,64,2.2399999999999993,0.03499999999999999,2025-12-14 06:11:59
8f804d2a-cd64-493b-8191-7c76d6d7862c,f0647cac-de36-4e6b-ba17-3999bc7b625c,Xitsongalo,SELL,NETHERRACK,Netherrack,64,2.2399999999999993,0.03499999999999999,2025-12-14 06:11:59
719b28dc-7f87-499b-bc77-99ddd4ff334d,f02600f0-3a24-44d1-8245-aa68e9adb2ce,Xitsongalo,SELL,NETHERRACK,Netherrack,64,2.2399999999999993,0.03499999999999999,2025-12-14 06:11:59
1f4ebeee-ad84-4984-a8d8-e7ee5908873d,be1af344-361c-4a16-86e0-feda19a40a8a,Xitsongalo,SELL,NETHERRACK,Netherrack,64,2.2399999999999993,0.03499999999999999,2025-12-14 06:11:59
83a877dc-b68a-4757-8a05-734ad57e839a,8813a0e8-85e3-417b-87a8-a2839c17c291,Xitsongalo,SELL,NETHERRACK,Netherrack,64,2.2399999999999993,0.03499999999999999,2025-12-14 06:12:00
4e0641c5-4a14-4fce-a7fc-92dea58d0c43,4baaf77d-277c-4831-bedc-aa253dac40d0,Xitsongalo,SELL,NETHERRACK,Netherrack,64,2.2399999999999993,0.03499999999999999,2025-12-14 06:12:00
84676144-8f05-4fec-a8bb-660ae4515afa,388c2fd1-5b9e-482c-acfc-34bf69ee14de,Xitsongalo,SELL,NETHERRACK,Netherrack,64,2.2399999999999993,0.03499999999999999,2025-12-14 06:12:00
5b7a01af-6124-48c0-a266-8bab20f501e6,b1eb8e96-c932-4df7-8e04-b7e678be7b57,Xitsongalo,SELL,NETHERRACK,Netherrack,64,2.2399999999999993,0.03499999999999999,2025-12-14 06:12:00
747abdb4-d98a-48b7-9be7-bd2a7279d305,910a63a9-afc3-4d84-8694-4a98da3e2ce9,Xitsongalo,SELL,NETHERRACK,Netherrack,64,2.2399999999999993,0.03499999999999999,2025-12-14 06:12:00
05d1f707-8195-41b6-8f67-0b16a36228f7,b2bd5522-c041-47f7-9bde-1c0a4da03001,Xitsongalo,SELL,NETHERRACK,Netherrack,64,2.2399999999999993,0.03499999999999999,2025-12-14 06:12:00
6df12b9c-8a31-4e34-9f65-d9b94875bf61,dab78d7c-f36e-4c1a-9766-e90cc6f95938,Xitsongalo,SELL,NETHERRACK,Netherrack,64,2.2399999999999993,0.03499999999999999,2025-12-14 06:12:01
8d479617-78e0-4f66-96a4-d4d62604af8f,0ced11d8-868b-4591-bc22-972637971ee5,Xitsongalo,SELL,NETHERRACK,Netherrack,64,2.2399999999999993,0.03499999999999999,2025-12-14 06:12:01
cb71061d-3fb8-49b3-8370-3b0e86811fe5,90c0f018-946e-4343-9ad9-85f05c2a2020,Xitsongalo,SELL,FLINT,Flint,6,4.18866,0.6981099999999999,2025-12-14 06:12:03
90c1a812-758b-487e-a125-04b141762290,02c264bb-c01d-4ebf-966d-d6e7a59fde3c,Xitsongalo,SELL,GRAVEL,Gravel,28,19.10608,0.68236,2025-12-14 06:12:03
9dc73c26-b2db-40db-97c9-61966fe0492f,96ba2903-ce93-4b3d-b369-a4b68bd9d8f0,Xitsongalo,SELL,QUARTZ,Quartz,21,50.09466,2.3854599999999997,2025-12-14 06:12:04
9e17b70b-3215-4094-9118-c79839973c91,a64ce244-027b-4961-ae2b-237fc0b3ee1b,Xitsongalo,SELL,BLACKSTONE,Blackstone,38,34.08258,0.89691,2025-12-14 06:12:05
86b9b634-51b6-40c6-88d3-3cfe1695dcfe,57562ce4-2f86-4649-bba9-73b6bd2a2e46,Xitsongalo,SELL,SOUL_SAND,Soul Sand,43,57.19301,1.33007,2025-12-14 06:12:06
f663af7f-4daa-4061-a6b5-20574e5db3b6,6ef95405-acd4-4cb7-8cf1-4f08707acb32,Xitsongalo,SELL,NETHERRACK,Netherrack,64,2.2399999999999993,0.03499999999999999,2025-12-14 06:14:29
68efe5e4-095c-4c3c-a039-ca744293a379,adef9bb0-99a5-48fd-b15f-512925f1425b,Xitsongalo,SELL,NETHERRACK,Netherrack,64,2.2399999999999993,0.03499999999999999,2025-12-14 06:14:29
8e56eca1-cb61-4514-a488-dabae36c78dd,504725a7-a4c3-4932-85c0-aa09c6345097,Xitsongalo,SELL,NETHERRACK,Netherrack,64,2.2399999999999993,0.03499999999999999,2025-12-14 06:14:29
8657215d-04d1-4eb6-a216-955b2c4d99e9,2feb2286-4a31-4029-9607-c48dff793e06,Xitsongalo,SELL,NETHERRACK,Netherrack,64,2.2399999999999993,0.03499999999999999,2025-12-14 06:14:30
26d1330d-2594-4407-a83d-167ea6f9e47c,adf61dd1-9192-48a1-81e8-000a04d7ed5e,Xitsongalo,SELL,NETHERRACK,Netherrack,64,2.2399999999999993,0.03499999999999999,2025-12-14 06:14:30
f688c5b1-f49e-410a-a25c-6836b99d7cd2,e07df0fc-4fe1-43ff-b9b3-c94a4b7eab4f,Xitsongalo,SELL,NETHERRACK,Netherrack,64,2.2399999999999993,0.03499999999999999,2025-12-14 06:14:30
611e0036-4f56-4ca4-8951-82bef0a84650,552bf0eb-5abd-4d70-a5fc-3142af3ee63b,Xitsongalo,SELL,NETHERRACK,Netherrack,64,2.2399999999999993,0.03499999999999999,2025-12-14 06:14:30
fd8cb899-deaa-4390-956c-904faa448751,304124e3-dc55-41fe-b34d-c1fea51fadcb,Xitsongalo,SELL,NETHERRACK,Netherrack,64,2.2399999999999993,0.03499999999999999,2025-12-14 06:14:30
0f2a3aef-e9a0-41c9-ab28-8fd89c250ece,61df1279-ee11-4345-8735-e3321ae699b6,Xitsongalo,SELL,NETHERRACK,Netherrack,64,2.2399999999999993,0.03499999999999999,2025-12-14 06:14:30
02f2e8a6-2623-4655-b497-79e96576b453,d4ea112e-191c-4360-9d23-0367036a263c,Xitsongalo,SELL,NETHERRACK,Netherrack,64,2.2399999999999993,0.03499999999999999,2025-12-14 06:14:31
afe5dad0-7dc3-4a51-a459-e163ee01563b,4483843e-aa72-41ee-bfb5-57fa27ec0b49,Xitsongalo,SELL,NETHERRACK,Netherrack,64,2.2399999999999993,0.03499999999999999,2025-12-14 06:14:31
f452d2de-0b17-4f0d-af32-8867e7c48d2b,dd0c9946-707a-4dee-9ac0-bc70e27bcb9f,Xitsongalo,SELL,NETHERRACK,Netherrack,64,2.2399999999999993,0.03499999999999999,2025-12-14 06:14:31
c7278f11-afea-4255-a39f-b6015baa61e0,dab0f8ac-2cae-4bf1-bfb9-ac3d36cc4663,Xitsongalo,SELL,NETHERRACK,Netherrack,64,2.2399999999999993,0.03499999999999999,2025-12-14 06:14:31
2109c14f-cba9-44ca-9b63-f76013f7faaf,00d36c22-aa05-4b51-8756-a58842abf6c8,Xitsongalo,SELL,NETHERRACK,Netherrack,64,2.2399999999999993,0.03499999999999999,2025-12-14 06:14:31
33c8e9ce-19b2-4271-a995-50bd6b3a605f,cc23da20-a069-4487-937a-561e64ddd15a,Xitsongalo,SELL,NETHERRACK,Netherrack,64,2.2399999999999993,0.03499999999999999,2025-12-14 06:14:31
e1e8af5d-e3dc-46c8-866d-bed93d1c2af9,7ae6f0a6-9052-463b-b070-d6f7c9a2cb2d,Xitsongalo,SELL,NETHERRACK,Netherrack,64,2.2399999999999993,0.03499999999999999,2025-12-14 06:14:32
f2694216-7dd1-4951-b6f7-2fb937503edf,9a611d09-acf2-4ddd-b643-24fbd98ba4cd,Xitsongalo,SELL,NETHERRACK,Netherrack,64,2.2399999999999993,0.03499999999999999,2025-12-14 06:14:32
e2c98c48-77ad-4c72-a02c-04fc24d5c0a9,2236f6ab-f297-4960-8e59-fd470504f09c,Xitsongalo,SELL,NETHERRACK,Netherrack,20,0.6999999999999998,0.03499999999999999,2025-12-14 06:14:32
5b50d301-005c-41ed-873b-0e8d86989747,b857c973-fdcc-4bc6-bc11-de80932abae2,Xitsongalo,SELL,FLINT,Flint,5,3.4732250000000002,0.6946450000000001,2025-12-14 06:14:33
d8cde35b-b763-4582-bcad-41a029c1e4b8,20a44ad1-3de1-4721-a60b-639d09c02aed,Xitsongalo,SELL,NETHERRACK,Netherrack,64,2.2399999999999993,0.03499999999999999,2025-12-14 06:14:33
1c019a32-909a-4cf3-b7c6-eb64dc3c7ff5,9a2b5201-2ca5-4ac3-b7fa-347cfd029e45,Xitsongalo,SELL,NETHERRACK,Netherrack,64,2.2399999999999993,0.03499999999999999,2025-12-14 06:14:33
34c7c3dc-18f9-44ea-8ade-271668c0a1d5,b36868ea-49a1-46d3-828e-e7dc9ed77cc1,Xitsongalo,SELL,SOUL_SAND,Soul Sand,12,15.545039999999998,1.2954199999999998,2025-12-14 06:14:34
e9fe9c9c-9d08-4222-b1f3-53530a753a1c,765172f7-61f4-4bdf-8d10-5f9671b7350b,Xitsongalo,SELL,QUARTZ,Quartz,34,78.74943999999999,2.31616,2025-12-14 06:14:34
a3e775a6-7bcc-43b2-91b2-6c9e0abd7b65,2a1d6fd0-cfb4-489f-bd29-4a2966860067,Xitsongalo,SELL,GRAVEL,Gravel,49,32.247144999999996,0.6581049999999999,2025-12-14 06:14:36
d01c52b1-5a73-4c95-bace-89bc4cf77d70,e7ea3e4d-40af-4da2-a1b1-06ee04309794,Xitsongalo,SELL,BLACKSTONE,Blackstone,56,47.73972,0.852495,2025-12-14 06:14:37
a8abad84-3ab2-4510-aa8a-d0bb46793c54,3df74012-b7bb-4bb1-a6a3-517e90240562,Xitsongalo,SELL,NETHERRACK,Netherrack,64,2.2399999999999993,0.03499999999999999,2025-12-14 06:16:19
ab3170f2-eaa1-44d0-b67a-452d30665e52,5add7591-6bc9-4d17-b524-f4a7b9d596a6,Xitsongalo,SELL,NETHERRACK,Netherrack,64,2.2399999999999993,0.03499999999999999,2025-12-14 06:16:19
98968c59-e0aa-41da-93fe-db1a39f448b8,88bee505-3fc8-44b1-b7af-0cf8951a7f69,Xitsongalo,SELL,NETHERRACK,Netherrack,64,2.2399999999999993,0.03499999999999999,2025-12-14 06:16:19
26270327-e18c-4991-a2f4-39c7dfb42c74,b067f05a-bdc6-4b5a-ad62-72a5566b6c6a,Xitsongalo,SELL,NETHERRACK,Netherrack,64,2.2399999999999993,0.03499999999999999,2025-12-14 06:16:20
a384533f-1152-45eb-b67e-bab35c7a88cf,b4a4f26a-e21f-407b-9379-148234bcf7eb,Xitsongalo,SELL,NETHERRACK,Netherrack,64,2.2399999999999993,0.03499999999999999,2025-12-14 06:16:20
931c9bcc-dcce-4990-8c46-79b4cbbe5b3e,8c0df85a-9303-4a0b-80b9-6bd789795434,Xitsongalo,SELL,NETHERRACK,Netherrack,64,2.2399999999999993,0.03499999999999999,2025-12-14 06:16:20
b4ff0314-0be7-4fc1-b16e-bc7f4027c3a2,1818ac71-8adc-42ef-963a-d05bb48f9a64,Xitsongalo,SELL,NETHERRACK,Netherrack,64,2.2399999999999993,0.03499999999999999,2025-12-14 06:16:20
f95b3d96-c6bf-4264-ad61-71317b54f152,415c9530-2cb1-4ae2-87c0-c3a4ab2f8e33,Xitsongalo,SELL,NETHERRACK,Netherrack,64,2.2399999999999993,0.03499999999999999,2025-12-14 06:16:20
5fc651e9-650b-452a-a248-2f6c00062f75,ad73abb0-0974-4ca7-bbdd-0c5c82fe877c,Xitsongalo,SELL,NETHERRACK,Netherrack,64,2.2399999999999993,0.03499999999999999,2025-12-14 06:16:20
fe8c1ed2-c429-475c-a7a7-9c22b5aef7f5,49831bb7-b8c6-4e00-8c83-39a78036c5c1,Xitsongalo,SELL,NETHERRACK,Netherrack,64,2.2399999999999993,0.03499999999999999,2025-12-14 06:16:21
2996ba47-f3d0-4905-aad6-46f96411130b,ea95513c-aa09-49f8-8507-0de2c20592e2,Xitsongalo,SELL,NETHERRACK,Netherrack,49,1.7149999999999994,0.03499999999999999,2025-12-14 06:16:22
16f9bd95-c116-4553-8bad-f301230a5083,b381bd67-44d8-48f7-a9f4-7c17291e9135,Xitsongalo,SELL,NETHERRACK,Netherrack,49,1.7149999999999994,0.03499999999999999,2025-12-14 06:16:22
aa87cd10-e09c-493b-a80c-1fbef400e9ef,674c632a-4c26-417c-a0ec-a5528111a5ca,Xitsongalo,SELL,NETHERRACK,Netherrack,49,1.7149999999999994,0.03499999999999999,2025-12-14 06:16:22
af038ab9-4382-4229-8e98-0f9ec08693c2,c49bea68-2ea7-42be-bd2f-3a98a99e23f0,Xitsongalo,SELL,NETHERRACK,Netherrack,49,1.7149999999999994,0.03499999999999999,2025-12-14 06:16:22
ff6ee858-4c0f-4db8-aee9-f5952010bcae,a553913a-a003-4546-818e-f49e953d97dd,Xitsongalo,SELL,NETHERRACK,Netherrack,45,1.5749999999999995,0.03499999999999999,2025-12-14 06:16:23
4a39e5e0-2927-40df-ab43-1863d82a5e23,25389cdc-203f-4484-915d-c207d4c18f09,Xitsongalo,SELL,BLACKSTONE,Blackstone,64,50.930879999999995,0.7957949999999999,2025-12-14 06:16:23
793078bd-23fb-44db-9f53-a8052ea9cabc,9f392934-671e-416c-b6f8-5a5808923d98,Xitsongalo,SELL,BLACKSTONE,Blackstone,23,17.357812499999998,0.7546875,2025-12-14 06:16:24
a93fbfd5-5cfd-41a7-b13d-62357d22f3ff,b0ef2300-a757-44aa-a810-061d16412446,Xitsongalo,SELL,SOUL_SAND,Soul Sand,5,6.4235500000000005,1.28471,2025-12-14 06:16:25
f3d230e3-f6f8-4f8b-92b1-5fef0bfc37ee,55b3e0fa-f20d-46d6-a4d4-433ca67fbeac,Xitsongalo,SELL,GRAVEL,Gravel,5,3.205475,0.641095,2025-12-14 06:16:25
14a7535b-fa64-4435-8a20-0a3fecd58a82,d5dea4b4-1a43-49bb-917d-155551a9f427,Xitsongalo,SELL,QUARTZ,Quartz,8,18.105919999999998,2.2632399999999997,2025-12-14 06:16:26
21f6ad78-1f92-479c-a092-c79c81fb4faa,3b1de7ae-9e71-4056-964a-54b401c854af,Maul_FZC,BUY,BLAST_FURNACE,Blast Furnace,1,12.912438618001344,12.912438618001344,2025-12-14 06:26:57
3fb0e419-6aeb-49d9-ac7f-dd3a669b827c,30c79c16-7ced-4f84-93e6-92d2cd668dc1,Maul_FZC,BUY,BLAST_FURNACE,Blast Furnace,1,13.558060548901437,13.558060548901437,2025-12-14 06:26:58
e681da9b-b174-4a4b-909b-15e078b27772,8c698204-6ba8-4aed-a6af-460b2bef73a7,Xitsongalo,SELL,DIORITE,Diorite,12,7.296239999999999,0.6080199999999999,2025-12-14 06:39:41
67b19d17-1c14-468d-8a70-5ba27e9bca4e,983a31ab-f7a1-417a-a8c9-ce2f6530888a,Xitsongalo,SELL,ANDESITE,Andesite,17,11.294884999999999,0.6644049999999999,2025-12-14 06:39:43
379a4815-7858-49ff-baf7-222bdecc380f,db265709-f9d3-47ca-805d-5c4349b2b5d2,Xitsongalo,SELL,GRAVEL,Gravel,54,33.615539999999996,0.6225099999999999,2025-12-14 06:39:44
91f762a0-6973-483b-a2c3-832883e59769,c531263c-d115-4e24-83f7-1c453c8d6cfe,Xitsongalo,SELL,FLINT,Flint,4,2.7672399999999997,0.6918099999999999,2025-12-14 06:39:46
b2ccf0e3-d2f9-4446-bda4-6e0ce3432e10,3946af06-6e9e-415d-a987-a7c3bf6f19c5,Xitsongalo,SELL,GRANITE,Granite,44,22.262239999999995,0.5059599999999999,2025-12-14 06:39:47
6f751acf-b8df-43ea-9c54-76def89f6122,711f57aa-0436-424e-917e-f2111c9f390a,Xitsongalo,SELL,RAW_COPPER,Raw Copper,16,33.35808,2.08488,2025-12-14 06:39:48
c5f93a56-31db-4274-a128-2e293295785d,70f02925-79e0-42f6-914c-6e4a4ad82a4e,Xitsongalo,SELL,RAW_IRON,Raw Iron,18,47.814479999999996,2.65636,2025-12-14 06:39:49
eca506be-60ab-494d-8ff6-7331d677c41c,fd63e524-7848-4cad-93eb-e992922fcc52,Xitsongalo,SELL,DIRT,Dirt,54,7.605359999999998,0.14083999999999997,2025-12-14 06:39:51
0c06f389-a60c-46e9-ab64-bf8c95b14e8c,5fb215d9-32a0-4653-ac90-b2d222037381,Xitsongalo,SELL,SPRUCE_PLANKS,Spruce Planks,4,4.19244,1.04811,2025-12-14 06:39:53
51884819-f7d2-4038-9278-5264c8cc5202,054c664a-fd38-4559-b053-a7fd5094dcea,Xitsongalo,SELL,COBBLED_DEEPSLATE,Cobbled Deepslate,6,4.53663,0.7561049999999999,2025-12-14 06:40:04
34f6ff9c-3fdb-4174-90ff-b426adf22682,abd36b61-1ea8-4e4b-9b71-72fcb67d2c5c,Xitsongalo,SELL,COBBLED_DEEPSLATE,Cobbled Deepslate,58,42.10017,0.725865,2025-12-14 06:40:05
d70d31dd-8d12-4a45-90ca-2c2d22b22353,28aee1ee-1d8e-4cca-9052-eef0095f350a,Xitsongalo,SELL,COBBLED_DEEPSLATE,Cobbled Deepslate,6,4.17375,0.695625,2025-12-14 06:40:10
afc3c45d-1d2b-4834-8cae-5b17cf150f86,df951cc8-f664-4f32-b892-4a5ed60b8760,Xitsongalo,BUY,BAMBOO,Bamboo,1,0.5123983578571968,0.5123983578571968,2025-12-14 07:47:55
842a9753-2a72-4d0b-8a40-9e9442b01c2e,75925b8a-4c4e-4702-ad8d-022b5e5b1955,Xitsongalo,BUY,BAMBOO,Bamboo,1,0.538018275750056,0.538018275750056,2025-12-14 07:47:58
69f0d8ce-bf91-417b-8048-39021acf6f59,fe2515d0-63e2-49c0-ae98-1bca03f6bbe9,Xitsongalo,BUY,ENCHANTED_BOOK,Enchanted Book,1,51.23983578571968,51.23983578571968,2025-12-14 10:49:51
b9b3109f-6c18-4b22-bccb-af17ccdba374,a45442f8-9ef0-4b1b-a03a-a23d35615ad7,Xitsongalo,BUY,ELYTRA,Elytra,1,1024.7967157143935,1024.7967157143935,2025-12-14 10:50:44
3546d767-e40c-4903-b9a4-c4ace1779814,a5054804-1db9-4c9a-8cdb-67359f237694,Xitsongalo,BUY,SHULKER_SHELL,Shulker Shell,1,102.47967157143935,102.47967157143935,2025-12-14 10:51:44
ba34ff4c-c554-44e6-9224-823a563bbd16,5e39027b-6bce-49a1-94da-36ef5593d523,Xitsongalo,BUY,SHULKER_SHELL,Shulker Shell,1,107.6036551500112,107.6036551500112,2025-12-14 10:51:44
0c2ebff5-5ff9-485d-aa43-26da72271e9b,301782fa-1cf8-4644-865f-01192adb0e74,Xitsongalo,BUY,SHULKER_SHELL,Shulker Shell,1,112.98383790751197,112.98383790751197,2025-12-14 10:51:45
1e998908-df1e-4517-9ea0-53f04ba84748,10ad207c-faa8-4311-9a72-901fe55f9611,Xitsongalo,BUY,SHULKER_SHELL,Shulker Shell,1,118.63302980288759,118.63302980288759,2025-12-14 10:51:45
7410ea04-7a0f-48ab-8ac3-6ac97c3a3a0e,bcb9ece1-c4c8-4d39-9dce-9d744dd5e0c7,Xitsongalo,BUY,SHULKER_SHELL,Shulker Shell,1,124.564681293032,124.564681293032,2025-12-14 10:51:45
5728de09-995f-45c2-8389-11d20b03e95f,520ddc54-5baf-4c71-b499-905c6d8b33bd,Xitsongalo,SELL,SHULKER_SHELL,Shulker Shell,1,87.1952769051224,87.1952769051224,2025-12-14 10:51:50
ee7bfc38-34ff-40c4-877d-92b62eef7e0b,c9f56d5b-692c-4c3c-aba7-3bd0db6e8abf,Xitsongalo,SELL,NETHERRACK,Netherrack,64,2.2399999999999993,0.03499999999999999,2025-12-14 11:14:24
70b160fd-dc09-4f95-a3b2-87292f481605,f058ee5e-9688-4195-bea6-0d38c8f0a13e,Xitsongalo,SELL,NETHERRACK,Netherrack,24,0.8399999999999997,0.03499999999999999,2025-12-14 11:14:24
48775d3f-b253-46aa-b63c-0f1d437434f9,6652751f-1884-4a0d-8da7-31f21782e712,Xitsongalo,SELL,STRING,String,21,27.64041,1.3162099999999999,2025-12-14 11:14:25
dafec803-f960-49e3-9bcc-478604507d6c,ab38cb13-9edb-40f2-8d61-80156ba3e0e8,Xitsongalo,SELL,SPIDER_EYE,Spider Eye,4,5.5092799999999995,1.3773199999999999,2025-12-14 11:14:25
76f5a266-f449-4bcd-bcd1-1b4f3151f665,e5a18ddf-803a-4f16-b2b9-be320036a94c,Xitsongalo,SELL,SUNFLOWER,Sunflower,10,6.9685,0.69685,2025-12-14 11:14:26
70c69ad3-e1b1-4292-83b7-1eb710cd2c80,f41f59f6-d615-4587-8313-1b33925e6bdb,Xitsongalo,SELL,WHEAT_SEEDS,Wheat Seeds,11,0.38499999999999984,0.03499999999999998,2025-12-14 11:14:26
18160cf2-0707-4390-bf9a-fd7ee067a4ce,fbc376bf-0560-4008-a106-9eb4fd2d43e5,Xitsongalo,SELL,SPRUCE_SIGN,Spruce Sign,2,2.09811,1.049055,2025-12-14 11:14:27
8820a861-540a-4cfd-a792-5d4bebd5775a,6c7afa6f-577f-4d1f-84d4-61a5e6b89b30,Xitsongalo,SELL,DIRT,Dirt,64,4.479999999999999,0.06999999999999998,2025-12-14 11:14:28
3a915d69-50ba-494e-8b37-d93876a8bbaa,ac9501aa-2aeb-4655-a55b-12a84c877ada,Xitsongalo,SELL,GRASS_BLOCK,Grass Block,1,1.39937,1.39937,2025-12-14 11:14:29
08115e9a-607b-49dc-aae2-79a1b2b49adb,90b1c910-75ae-41c5-8729-5580b529ef2b,Xitsongalo,SELL,DIRT,Dirt,7,0.4899999999999999,0.06999999999999998,2025-12-14 11:14:30
3c7e405a-9641-4459-bf31-32b70938289a,e441471e-782e-43ac-8ba7-354043d9dcc6,Xitsongalo,SELL,SPRUCE_TRAPDOOR,Spruce Trapdoor,26,35.97411999999999,1.3836199999999996,2025-12-14 11:14:31
2a8bb618-be08-4966-ab47-641acbd90e84,7b3568b9-f2cf-480b-b7ad-c7f941c1adf9,Xitsongalo,SELL,COBBLESTONE,Cobblestone,62,4.339999999999999,0.06999999999999998,2025-12-14 11:14:31
6bcc45b8-1e0a-4412-b48f-688f8341f7f6,c9217c18-a064-4439-81ac-20f71b836c11,Xitsongalo,SELL,COBBLESTONE,Cobblestone,64,4.479999999999999,0.06999999999999998,2025-12-14 11:14:32
af8d7db8-507d-4749-aff0-0b6ffdf8645e,85e9f116-2049-481f-95b9-41517d0c0a7e,Xitsongalo,SELL,DIORITE,Diorite,10,6.0108999999999995,0.6010899999999999,2025-12-14 11:14:32
fe236885-1126-4513-a7aa-58f1ccad5745,6e34caf3-81ad-4d96-ae5e-88787bea9656,Xitsongalo,SELL,ANDESITE,Andesite,54,34.67016,0.64204,2025-12-14 11:14:32
de45cbb9-7ed5-4cc3-9e54-c3e1a1b4fc3e,ef505827-fdc6-43ed-80e5-faac2c81fd62,Xitsongalo,SELL,COBBLED_DEEPSLATE,Cobbled Deepslate,64,42.4032,0.66255,2025-12-14 11:14:33
a85a9380-29ea-4153-8a79-2e9129bf6fb4,3d073bca-a499-4b8f-9c44-bb9d0186436c,Xitsongalo,SELL,TUFF,Tuff,22,1.5399999999999994,0.06999999999999997,2025-12-14 11:14:34
81225540-32cb-4756-b0f3-bf751cb760f8,53136da3-3de1-4b81-b9fa-79da6d682969,Xitsongalo,SELL,STICK,Stick,8,0.556976,0.069622,2025-12-14 11:14:36
ef69474d-7556-44f6-9d71-44cc88f44000,e7dc86c5-e49f-4ddb-b499-8457988d69e6,Xitsongalo,BUY,COAL,Coal,1,2.049593431428787,2.049593431428787,2025-12-14 12:55:36
f7843fac-eb97-4cd8-96a8-5d44d3ad65fd,66c9a44a-7348-4c2b-ba8b-7e36bd743de5,Xitsongalo,BUY,FLINT_AND_STEEL,Flint And Steel,1,6.456219309000672,6.456219309000672,2025-12-14 13:44:41
593a5feb-bfc2-4afc-84c6-bd09dbf3e235,76670023-4be7-4e51-be65-837fd8f5a1a9,Maul_FZC,BUY,BLAST_FURNACE,Blast Furnace,1,14.235963576346512,14.235963576346512,2025-12-14 13:58:59
ccd6559b-c3a1-4697-8be3-8891a706f6be,f143a5d9-0095-4f94-b015-3ec7a7fb2016,Ryu_Less,BUY,LEAD,Lead,1,6.148780294286361,6.148780294286361,2025-12-14 15:34:15
481297ba-3dce-4ede-89c6-c284725edb4e,1b06fc8d-88dd-4155-8220-064b79d48136,Ryu_Less,BUY,LEAD,Lead,1,6.456219309000672,6.456219309000672,2025-12-14 15:34:15
2f44c8d5-3a20-4336-b1dc-c7e9bfa77731,3b07d451-1c47-45f1-b314-292a43df81af,Ryu_Less,BUY,LEAD,Lead,1,6.779030274450719,6.779030274450719,2025-12-14 15:34:15
c450a1bf-5785-46a9-aa44-9ee0454afb74,93f9074c-4921-42eb-bbe3-67489cad4c0b,Ryu_Less,BUY,LEAD,Lead,1,7.117981788173256,7.117981788173256,2025-12-14 15:34:16
734c06ee-645a-4566-97ae-c1f8a5b729b7,8191dbdc-5e2d-4ef5-8228-43e3ba851475,Ryu_Less,SELL,ROTTEN_FLESH,Rotten Flesh,35,22.173724999999997,0.633535,2025-12-14 15:34:33
3f4b0256-23e3-4aba-bdf4-4d176fda0b3a,e825ca14-c0de-4ed6-a09c-1494290349a0,Xitsongalo,SELL,QUARTZ,Quartz,64,139.04128,2.17252,2025-12-14 15:51:22
342433da-a3fb-435e-87c7-d272a252589b,b149a26b-7b3d-40cf-9f9a-2d060725cca9,Xitsongalo,SELL,QUARTZ,Quartz,64,128.71936,2.01124,2025-12-14 15:51:23
1fa5baa5-b0af-4421-ab1c-63c6a2bae811,3dc32f3a-c973-4212-b059-b053e545bf67,Xitsongalo,SELL,QUARTZ,Quartz,64,118.39744,1.84996,2025-12-14 15:51:23
9ba06e08-2f32-4580-b82c-f536bf826ec8,a1795f69-7467-4e1d-becb-57dc7a83985c,Xitsongalo,SELL,QUARTZ,Quartz,64,108.07551999999998,1.6886799999999997,2025-12-14 15:51:24
fc1978c2-78b3-4cef-b745-a209f048fcf8,2d3762d9-803a-4561-9867-d82253de7d2e,Xitsongalo,SELL,QUARTZ,Quartz,64,52.85853999999999,0.8259146874999999,2025-12-14 15:51:24
d3a45b63-9431-448f-a244-9c00e40cc183,e0a51cc6-e1bd-490d-8f65-5727a6117a3c,Xitsongalo,SELL,QUARTZ,Quartz,64,17.919999999999995,0.2799999999999999,2025-12-14 15:51:25
c368c3e4-70c1-4223-9b19-dad8f0d612c4,ade0c2d6-6138-4f70-89da-dde24f776e2f,Xitsongalo,SELL,QUARTZ,Quartz,64,17.919999999999995,0.2799999999999999,2025-12-14 15:51:25
3f18328e-b3d8-46e8-b975-226835cb4716,7cac4493-d15d-4405-be75-653d03416bc9,Xitsongalo,SELL,QUARTZ,Quartz,53,14.839999999999996,0.2799999999999999,2025-12-14 15:51:25
e82c6d66-3b36-4185-af6b-daa4c90811c4,f9fabe3f-7308-4adc-8985-b543488d71bc,Xitsongalo,SELL,NETHERRACK,Netherrack,53,1.8549999999999995,0.03499999999999999,2025-12-14 15:51:26
8bbb23b2-adfc-4b04-bf08-5cc1bf3023df,ae081e43-b4c0-4339-90cd-edf680cd534d,Xitsongalo,SELL,BONE,Bone,1,0.13999999999999996,0.13999999999999996,2025-12-14 15:51:27
4af62f06-f7d1-4731-8207-3d4369abb5c7,f38110a5-4ee9-486b-8b7c-d268f048a437,Xitsongalo,SELL,NETHERRACK,Netherrack,64,2.2399999999999993,0.03499999999999999,2025-12-14 15:51:28
76db92f9-b0a0-482f-9039-7acf70725fb6,bcb16f0e-9d46-4fba-a848-f096b18f9062,Xitsongalo,SELL,NETHERRACK,Netherrack,3,0.10499999999999997,0.03499999999999999,2025-12-14 15:51:28
28cc18f9-cee1-47f1-84f2-585582cc0c5e,77fb9594-b3c3-4c84-9c2c-0438d866af58,Xitsongalo,SELL,PORKCHOP,Porkchop,3,6.291494999999999,2.097165,2025-12-14 15:51:29
d42092a0-0dd1-4013-964b-421293ee050b,bcccbbdc-80df-4d5f-a3fa-ba8a517db8ce,Xitsongalo,SELL,NETHERRACK,Netherrack,64,2.2399999999999993,0.03499999999999999,2025-12-14 15:51:30
e2aefbe8-8dc5-481e-ae6b-2c96cd10b611,51f502d6-e542-4a60-9822-18930ae8ed84,Xitsongalo,SELL,NETHERRACK,Netherrack,53,1.8549999999999995,0.03499999999999999,2025-12-14 15:51:31
f2a654be-fce6-4184-b8cc-b5cd22f548dd,97525fc6-1910-4550-9b36-43bab65acf66,Xitsongalo,SELL,ARROW,Arrow,1,0.03499999999999999,0.03499999999999999,2025-12-14 15:51:32
b3368096-491d-470f-b307-a32e9aed726b,22c6208a-ff35-4947-8e23-1f415ca80745,Ryu_Less,BUY,LEATHER,Leather,1,5.179220521989591,5.179220521989591,2025-12-14 16:02:57
2668e376-f104-41ac-8472-e4aa3e687f0b,046d1555-b71a-41e2-8009-98fb8daf8419,Ryu_Less,BUY,LEATHER,Leather,1,5.438181548089091,5.438181548089091,2025-12-14 16:02:58
f211f172-324d-4e44-a603-657b31e790c5,8547702f-1f5d-446f-8e3a-7e759697b78c,Ryu_Less,BUY,LEATHER,Leather,1,5.71009062549354,5.71009062549354,2025-12-14 16:02:58
560c0caa-a756-45d9-892f-31fc8fd5a423,6453e9b3-3e0d-42a0-a0d1-472ce052ba3f,Ryu_Less,SELL,LEAD,Lead,4,18.5514081661377,4.637852041534425,2025-12-14 16:06:15
9dc84e16-65ad-4ed2-8e58-e48b5268a141,41811c9e-eb9a-4aee-87e2-e5236eee8906,.FannShizu,BUY,ELYTRA,Elytra,1,1076.0365515001122,1076.0365515001122,2025-12-15 01:27:53
aa70c51f-246f-428a-b1bb-7729d30818d5,70d44b7b-4787-442e-8ece-28655d2af04a,.FannShizu,BUY,FIREWORK_ROCKET,Firework Rocket,1,5.123983578571968,5.123983578571968,2025-12-15 01:28:15
9cf2c23f-1ea0-4683-822e-e9a02144405e,e471e627-aa11-4c2b-856e-7aa4d732c747,.FannShizu,BUY,FIREWORK_ROCKET,Firework Rocket,1,5.3801827575005605,5.3801827575005605,2025-12-15 01:28:16
7d3e937e-3ca4-4405-ba75-3a8aeef312c6,36447b49-c8bf-4bae-a317-0ece5ffcf70e,.FannShizu,BUY,FIREWORK_ROCKET,Firework Rocket,1,5.649191895375599,5.649191895375599,2025-12-15 01:28:18
e8cb0fff-ed89-4ecd-9746-a8b92c937d75,8e0c9097-5d1a-48b6-92ac-ac6cb4dd600c,.FannShizu,BUY,FIREWORK_ROCKET,Firework Rocket,1,5.93165149014438,5.93165149014438,2025-12-15 01:28:19
dc05da3c-5052-44e5-937e-c18a51d229d4,473aaebc-f7f7-4d17-b61b-7524e394b6b6,.FannShizu,BUY,FIREWORK_ROCKET,Firework Rocket,1,6.2282340646516,6.2282340646516,2025-12-15 01:28:19
23c93f94-087e-4be9-a9a5-f07342d39742,100796c1-4368-4847-9598-b122273c9f47,.FannShizu,BUY,FIREWORK_ROCKET,Firework Rocket,1,6.539645767884173,6.539645767884173,2025-12-15 01:28:20
7891798f-f014-4805-aa53-804be0f13700,9b4fb679-1eec-43d8-9ff6-a62f28a4798f,.FannShizu,BUY,FIREWORK_ROCKET,Firework Rocket,1,6.86662805627838,6.86662805627838,2025-12-15 01:54:03
39caa178-b9b3-4ee6-90a8-82f73679d645,4446219e-d8e4-4ef1-a833-8f965f46f852,Maul_FZC,BUY,ANVIL,Anvil,1,59.316514901443796,59.316514901443796,2025-12-15 05:38:55
a5c94bfb-7d1d-43d9-8ef4-925ef472a4eb,bdeab4fe-af21-45f2-beed-e6630d1d2683,Maul_FZC,SELL,ROTTEN_FLESH,Rotten Flesh,64,38.550399999999996,0.6023499999999999,2025-12-15 05:39:53
2490b636-6d7a-48ad-851e-174e845ccc57,1cb36328-a7f9-48e8-9776-da1036a70fb8,Maul_FZC,SELL,ROTTEN_FLESH,Rotten Flesh,64,35.969919999999995,0.5620299999999999,2025-12-15 05:39:53
ca6e98aa-3448-4de2-9b4e-1f8aa16cb63a,c8c5f8df-1502-4a41-a520-e64f36b32c69,Maul_FZC,SELL,ROTTEN_FLESH,Rotten Flesh,64,33.38943999999999,0.5217099999999999,2025-12-15 05:39:53
bd3abc26-c96d-45e6-987c-6ea43434a556,ff984a53-3c07-4c27-bed3-cc44faa68f25,Maul_FZC,SELL,ROTTEN_FLESH,Rotten Flesh,64,30.808959999999995,0.48138999999999993,2025-12-15 05:39:54
13996e5a-f4ce-4f82-b2a7-09cf6d097ee3,9c0c9805-7b1f-4158-ab5f-1acb31264902,Maul_FZC,SELL,ROTTEN_FLESH,Rotten Flesh,64,28.228479999999998,0.44106999999999996,2025-12-15 05:39:54
8d01ae69-1040-4b86-8ea4-032761d555c8,7d9e2fd7-cfe6-4762-a498-0fd8e05ccc39,Maul_FZC,SELL,ROTTEN_FLESH,Rotten Flesh,64,23.458435,0.366538046875,2025-12-15 05:39:54
cb71939a-e507-4bb1-87eb-700d2301df48,f6205187-5e0a-402b-927b-c11193a4ee89,Maul_FZC,SELL,ROTTEN_FLESH,Rotten Flesh,64,4.479999999999999,0.06999999999999998,2025-12-15 05:39:54
716e2c20-e1ab-4e15-b81d-0b48a420a019,f2e65cf3-1dac-4559-8938-6f58df5c8f3d,Maul_FZC,SELL,ROTTEN_FLESH,Rotten Flesh,64,4.479999999999999,0.06999999999999998,2025-12-15 05:39:55
3a37a7bb-4ac6-4b41-9696-38cbc20a5dd6,0c12f130-8e8d-4c70-b031-3f4d986d971e,Maul_FZC,SELL,ROTTEN_FLESH,Rotten Flesh,64,4.479999999999999,0.06999999999999998,2025-12-15 05:39:55
2afe63db-ef03-42d5-861c-41bfb33c66dd,82b22926-985f-4837-88db-bd362da06380,Maul_FZC,SELL,ROTTEN_FLESH,Rotten Flesh,7,0.4899999999999999,0.06999999999999998,2025-12-15 05:39:56
6c2f83ee-e987-4b2c-8f0a-9ebe5dea8ba3,556a8936-fb0f-45ea-ab13-98e95feac09f,Maul_FZC,BUY,ELYTRA,Elytra,1,1129.8383790751197,1129.8383790751197,2025-12-15 06:20:13
04461890-cc32-4eaa-9a17-751192c85b74,a8c3a35e-2d9a-40a0-b88a-806369327462,Maul_FZC,BUY,TRIDENT,Trident,1,129.12438618001346,129.12438618001346,2025-12-15 06:22:33
26992594-0ba5-49b2-9001-53f459716e0b,dc2edbdf-7e2b-496a-a586-6126f1f2ba78,Xitsongalo,SELL,NETHERRACK,Netherrack,64,2.2399999999999993,0.03499999999999999,2025-12-15 06:24:42
3b00d4bd-96cf-4203-b0ab-8c618789a685,bfebcf32-4b20-4342-8cf2-c66104cb4f4f,Xitsongalo,SELL,NETHERRACK,Netherrack,64,2.2399999999999993,0.03499999999999999,2025-12-15 06:24:42
d3cc023a-755c-4310-baba-d8c26c9deb9e,a9a19f75-3acd-4c88-9fbd-5d700fd69cbd,Xitsongalo,SELL,NETHERRACK,Netherrack,64,2.2399999999999993,0.03499999999999999,2025-12-15 06:24:43
b2e8ddd8-f509-4881-93ea-54868d496694,9919b85c-2b1f-4f50-80c1-2e8f9df8b62f,Xitsongalo,SELL,NETHERRACK,Netherrack,64,2.2399999999999993,0.03499999999999999,2025-12-15 06:24:44
22908257-5ff3-4b85-b034-02a1c211b7f4,2e7e272f-bb8d-4e60-8fe8-123b74f8388a,Xitsongalo,SELL,NETHERRACK,Netherrack,64,2.2399999999999993,0.03499999999999999,2025-12-15 06:24:44
f7aac195-74b6-417d-8ac8-cb94d0f95256,47cda818-865f-4359-8e36-d82da7717e8a,Xitsongalo,SELL,NETHERRACK,Netherrack,64,2.2399999999999993,0.03499999999999999,2025-12-15 06:24:45
5807e22c-1563-47af-adcc-983a7e832319,6e4cf30b-db32-4781-aaa4-4d7c94ab20a3,Xitsongalo,SELL,NETHERRACK,Netherrack,64,2.2399999999999993,0.03499999999999999,2025-12-15 06:24:45
b90247df-6505-47f7-bc84-5a7f95e7f860,2b44fb18-ebb2-400c-b9f8-4a20e6cd3121,Xitsongalo,SELL,NETHERRACK,Netherrack,64,2.2399999999999993,0.03499999999999999,2025-12-15 06:24:45
65d3c15f-e7ed-43e9-8e56-201e6250311b,3df57a20-31e4-4b7b-bba1-b10b0edb3aa8,Xitsongalo,SELL,GRAVEL,Gravel,13,7.818265,0.601405,2025-12-15 06:24:47
d5e4fcfd-4fe2-48e3-8b8a-54636baf9edf,217c0864-ebd5-41d6-a94b-2f1a7032f7c5,Xitsongalo,SELL,GRAVEL,Gravel,13,7.7117949999999995,0.5932149999999999,2025-12-15 06:24:47
17801b91-106f-42d2-9ee0-33aa7de94b88,d51ad8d3-3d94-4420-9fbc-cd7114b4bf43,Xitsongalo,SELL,GRAVEL,Gravel,13,7.605325,0.585025,2025-12-15 06:24:48
ba72a3a9-f93c-4e17-8a44-c070f68e413d,f02610f6-5945-4762-b9bc-e0d4561397f3,Xitsongalo,SELL,GRAVEL,Gravel,13,7.498855,0.576835,2025-12-15 06:24:48
b482c546-2f4e-4436-a6ce-bb6d1fc40d2c,3b27e654-0cf8-4dc6-8af8-2f4999e4dba9,Xitsongalo,SELL,GRAVEL,Gravel,13,7.392384999999999,0.568645,2025-12-15 06:24:49
6377c7e6-f889-42b8-b332-b8297b7fffdb,6554916d-d9bd-4445-89d2-df880a6bec84,Xitsongalo,SELL,GRAVEL,Gravel,12,6.729239999999999,0.5607699999999999,2025-12-15 06:24:49
ee6bba4c-66cd-4faa-98da-6240c4e630f8,691b2752-aefe-4863-b6c9-986c59199d8d,Xitsongalo,SELL,BLACKSTONE,Blackstone,19,13.962007499999997,0.7348424999999998,2025-12-15 06:24:51
297febdb-ec6c-41fd-851d-207ded81787c,f09ae8c8-fd02-430f-ab88-cc171f3b197c,Xitsongalo,SELL,QUARTZ,Quartz,64,17.919999999999995,0.2799999999999999,2025-12-15 06:24:52
57f7c22d-69c2-4168-b656-73ebd937f840,360cabcc-c8f7-41d6-956f-a5e7635ba42d,Xitsongalo,SELL,FLINT,Flint,1,0.6902349999999999,0.6902349999999999,2025-12-15 06:24:54
9b329a38-2fb6-4faf-88d5-9f33bd880b80,a0ba8486-191c-471e-9f4a-94e3a7273a2e,Xitsongalo,SELL,BONE,Bone,1,0.13999999999999996,0.13999999999999996,2025-12-15 06:24:55
1703150f-8762-4af7-89c1-e97fa08b0194,c11306f4-1d90-4bd4-ae53-b2ef958927da,Xitsongalo,SELL,FLINT,Flint,5,3.441725,0.688345,2025-12-15 06:24:56
45e067cb-5aa7-42d5-9b7c-4a3629c12794,0ebdcc9a-bc5a-4d7a-a333-9cad4164bbb5,Xitsongalo,SELL,BASALT,Basalt,3,0.20999999999999994,0.06999999999999998,2025-12-15 06:25:00
c0ea244e-0266-4f12-ad3a-f5824947dcaf,2b970cc1-cdc9-4ece-aa59-7125e7f700f3,.FannShizu,BUY,GUNPOWDER,Gunpowder,1,4.099186862857574,4.099186862857574,2025-12-15 06:35:13
20adf19f-8cde-40d2-9319-0246b065c488,f31a0e92-9be6-4c62-967f-3062c0ab5e78,.FannShizu,BUY,GUNPOWDER,Gunpowder,1,4.304146206000448,4.304146206000448,2025-12-15 06:35:14
69125c65-17f7-4dee-a38f-2a4d034fae1b,0faac09d-0a80-486f-9c73-4151a28163e4,.FannShizu,BUY,GUNPOWDER,Gunpowder,1,4.5193535163004785,4.5193535163004785,2025-12-15 06:35:16
4b681644-a771-45c7-87b6-3197c65263be,5155d556-7619-47e0-9949-59c6583f46df,.FannShizu,BUY,GUNPOWDER,Gunpowder,1,4.745321192115504,4.745321192115504,2025-12-15 06:35:16
c8c5d380-5bc4-4b84-a527-fc494d5c30f6,076dae87-1423-4f95-8d96-99aa2d4f3d2c,.FannShizu,BUY,GUNPOWDER,Gunpowder,1,4.98258725172128,4.98258725172128,2025-12-15 06:35:17
84aba5bb-110c-4fb9-84f0-67b9be3a7adc,1537efc3-fbe3-4b57-a13d-7eb0ed735714,.FannShizu,BUY,GUNPOWDER,Gunpowder,1,5.231716614307338,5.231716614307338,2025-12-15 06:35:17
794b79ae-99b5-407d-814e-67e769974479,e1fd2898-5f8f-4a31-b441-92277a461bb4,Xitsongalo,SELL,STICK,Stick,56,3.7859360000000004,0.06760600000000001,2025-12-15 06:42:41
95bcc551-1f83-4a78-b9a1-eb7a414e8d97,bceee698-a998-495e-859c-0eaa462e4fd5,Xitsongalo,SELL,STICK,Stick,64,4.084864,0.063826,2025-12-15 06:42:42
3f6db0de-0bce-4fde-a503-4b557cf026e4,627ac7a2-9388-407b-92fc-88817472c7ab,Xitsongalo,SELL,STICK,Stick,8,0.492464,0.061558,2025-12-15 06:42:42
3a514e67-8372-4338-b87d-d6aa5b5dc957,495d1624-1330-4a66-8e53-a1e79867ad82,Xitsongalo,SELL,STICK,Stick,56,3.334352,0.059542,2025-12-15 06:42:43
102b4adb-40b5-4e79-9bb1-4416dca0ecdb,82588345-7096-45c5-a164-03acdd8ca148,Xitsongalo,BUY,DIAMOND_ORE,Diamond Ore,1,51.23983578571968,51.23983578571968,2025-12-15 06:48:53
5662df21-bdb7-4160-a298-21c92045bfa9,2ad3d61b-b691-498b-b025-42bb74dbbb4e,Xitsongalo,BUY,DIAMOND_ORE,Diamond Ore,1,53.8018275750056,53.8018275750056,2025-12-15 06:48:55
7bde5dda-d1e4-4c49-a87a-bb976d192c37,1fbcb46c-b5c3-4faa-b92b-4992658971b7,Xitsongalo,BUY,DIAMOND_ORE,Diamond Ore,1,56.491918953755984,56.491918953755984,2025-12-15 06:49:01
87644e70-5638-44d8-b57b-9a3cf1a5d571,08e8a57f-a8dc-41e1-9c07-061f2539a0ad,Xitsongalo,BUY,DIAMOND_ORE,Diamond Ore,1,59.316514901443796,59.316514901443796,2025-12-15 06:49:04
c126e912-8ed8-4e9c-bdee-7742cd6b109b,2717782a-c75b-4bdc-93ab-a1be57d83625,Xitsongalo,BUY,DIAMOND_ORE,Diamond Ore,1,62.282340646516,62.282340646516,2025-12-15 06:49:06
a9286c76-8e5a-489c-9f58-b87bd6e3170d,a9a9ad6a-932a-4a33-a983-5edb0bab7280,Xitsongalo,SELL,TUFF,Tuff,1,0.06999999999999998,0.06999999999999998,2025-12-15 07:01:43
dc84e723-e52f-4779-98bd-8f1544188d31,7769bb56-3158-44c6-b07f-a07e2a36bc17,Xitsongalo,SELL,CHICKEN,Chicken,1,1.39937,1.39937,2025-12-15 07:01:43
92be705e-9efa-4fcf-b68e-1eaba0fc03fe,8f771bac-c312-4893-96aa-52991c0260b7,Xitsongalo,SELL,TUFF,Tuff,1,0.06999999999999998,0.06999999999999998,2025-12-15 07:01:44
211120a0-f9ba-4f6a-b3fb-af7549c2b57a,6fee6022-8cbb-452b-8afb-ca1e52decca2,Xitsongalo,SELL,TUFF,Tuff,1,0.06999999999999998,0.06999999999999998,2025-12-15 07:01:44
58841cad-cfec-4376-8e00-30b4d7e8051c,7fb8a162-d73e-4db7-a0be-667b21c592a9,Xitsongalo,SELL,TUFF,Tuff,1,0.06999999999999998,0.06999999999999998,2025-12-15 07:01:44
65666f10-7bd4-4433-a68a-013c377525e0,5e2f6ad4-3bf1-4ba6-aee8-254826bc3915,Xitsongalo,SELL,TUFF,Tuff,1,0.06999999999999998,0.06999999999999998,2025-12-15 07:01:45
37220cdc-dbf0-4da4-8650-e261a30d8835,727fa629-2391-48f7-a3fb-4add6582c0f3,Xitsongalo,SELL,TUFF,Tuff,13,0.9099999999999998,0.06999999999999998,2025-12-15 07:01:46
edfb92ea-95f6-4c86-a3da-6f71eb87223a,8321be06-9f4c-4fdd-a160-eeae4aa178b3,Xitsongalo,SELL,COBBLED_DEEPSLATE,Cobbled Deepslate,5,3.1497374999999996,0.6299474999999999,2025-12-15 07:01:47
734f34bf-3fda-413a-9401-eb2eec42e16e,043639d0-443a-4e87-9c8a-7bcb8b2e8c8a,Xitsongalo,SELL,COBBLED_DEEPSLATE,Cobbled Deepslate,5,3.1261125,0.6252225,2025-12-15 07:01:47
2f9b59f3-9969-46ee-b80e-b70facbdb746,1686ae4f-0529-4734-90a3-c69cf561fe78,Xitsongalo,SELL,COBBLED_DEEPSLATE,Cobbled Deepslate,64,30.488639999999993,0.4763849999999999,2025-12-15 07:01:47
37a6e6d5-7b2e-4868-8744-9f5f987a0771,b26fc2fe-df07-481d-8934-3b91d2d6bf6d,Xitsongalo,SELL,COBBLED_DEEPSLATE,Cobbled Deepslate,35,3.674999999999999,0.10499999999999997,2025-12-15 07:01:47
d441f033-1e80-4a55-bea8-08f011401d8f,8e799dcd-9c86-498b-a163-0debb480a815,Xitsongalo,SELL,ANDESITE,Andesite,20,12.3746,0.61873,2025-12-15 07:01:48
efa400cf-ef5d-4a34-8872-8069b1b4c585,71779962-379a-4f6e-8533-e0865467924d,Xitsongalo,SELL,FEATHER,Feather,1,0.699685,0.699685,2025-12-15 07:01:49
21b4e7a9-8e0d-4376-9192-60072b15106d,0e83ee4f-4c9a-4be9-b14d-378949746d0f,Xitsongalo,SELL,BONE,Bone,1,0.13999999999999996,0.13999999999999996,2025-12-15 07:01:49
3b4d25f9-d079-4f4c-a5b8-f137543d0121,bf58608f-1136-445c-bf0f-8e745fdcbbe5,Xitsongalo,SELL,COBBLED_DEEPSLATE,Cobbled Deepslate,5,0.5249999999999998,0.10499999999999995,2025-12-15 07:01:50
b3a950c2-c827-40e7-8d78-d748b65b9bac,3cdd0526-9119-4b65-b308-242066d9a882,.FannShizu,BUY,GUNPOWDER,Gunpowder,1,5.493302445022703,5.493302445022703,2025-12-15 08:22:08
14fbdb22-8e12-4a20-a260-a6b45930506a,482f15b9-8d9c-4987-9b17-04d5a9aeee09,.FannShizu,BUY,GUNPOWDER,Gunpowder,1,5.76796756727384,5.76796756727384,2025-12-15 08:22:09
bbb89f8c-a877-499a-81d4-06aa6924a387,a55bd6bd-cca0-4690-8ef2-67f664702997,.FannShizu,BUY,GUNPOWDER,Gunpowder,1,6.056365945637533,6.056365945637533,2025-12-15 08:22:09
d06b70c6-59ce-4b60-8e39-20207a7a4a5b,93448e29-86df-490d-9d5d-e61624b85d12,.FannShizu,BUY,GUNPOWDER,Gunpowder,1,6.359184242919404,6.359184242919404,2025-12-15 08:22:10
273dbf21-67e7-4a09-b20f-49b2d49d7975,253cc4cc-a62c-474e-8fe7-c1d2515520d7,.FannShizu,BUY,GUNPOWDER,Gunpowder,1,6.677143455065384,6.677143455065384,2025-12-15 08:22:10
5145f053-6d8b-4771-a572-d3dd6bb91178,70f22b36-22ec-43c7-a25a-c26b112b1ff3,.FannShizu,BUY,ARROW,Arrow,1,0.04999999999999999,0.04999999999999999,2025-12-15 08:35:42
b8fb56c5-4d0e-47f3-9bad-a3a1fd039863,c7303b80-9b8b-46be-9233-937d61dcc9d8,Maul_FZC,BUY,FIREWORK_ROCKET,Firework Rocket,1,7.2099594590923,7.2099594590923,2025-12-15 09:53:10
55721305-fa99-49e2-9796-09de3daf3613,4d9e3ed3-9e8a-48ea-82e5-c7f15a89769f,Maul_FZC,BUY,FIREWORK_ROCKET,Firework Rocket,1,7.570457432046917,7.570457432046917,2025-12-15 09:53:10
d523575e-8ba7-49e3-a88e-cc17d6c02705,10af66e8-50a1-4a9d-841d-64cbfd7a862a,Maul_FZC,BUY,FIREWORK_ROCKET,Firework Rocket,1,7.948980303649255,7.948980303649255,2025-12-15 09:53:11
dcd3fed9-89e7-4593-b002-643e7d4e52fd,90f924d9-c490-4a50-830f-9e741efad6dc,Maul_FZC,BUY,FIREWORK_ROCKET,Firework Rocket,1,8.34642931883173,8.34642931883173,2025-12-15 09:53:11
d13d3756-9044-4f4b-8e68-422491a9ae9b,3e2b115c-cd7a-48f2-b3aa-1b9ccb075a2d,Maul_FZC,BUY,FIREWORK_ROCKET,Firework Rocket,1,8.763750784773322,8.763750784773322,2025-12-15 09:53:11
4fb31bf8-418a-4566-9a61-f2c0fd9c23d2,450ca1ea-f4de-4769-94c7-d3aa0a453352,Maul_FZC,BUY,FIREWORK_ROCKET,Firework Rocket,1,9.20193832401198,9.20193832401198,2025-12-15 09:53:12
befc0261-b841-4b42-9bcd-889405e62efb,273bd38d-2eb7-4335-b3b1-4e791fa38ba4,Maul_FZC,BUY,FIREWORK_ROCKET,Firework Rocket,1,9.662035240212589,9.662035240212589,2025-12-15 09:53:12
e133b3f6-c079-4f59-96fd-cc5670a2836b,23e87f87-72f2-4004-89f2-458c3e9f8876,Maul_FZC,BUY,FIREWORK_ROCKET,Firework Rocket,1,10.145137002223217,10.145137002223217,2025-12-15 09:53:13
99cb3505-2a4d-4bcd-92df-3a3ccaadfec5,5293769b-c8c1-4076-a3b3-fa5f51bcea2d,Maul_FZC,BUY,FIREWORK_ROCKET,Firework Rocket,1,10.652393852334335,10.652393852334335,2025-12-15 09:53:13
df5f5b68-affe-4c3c-9e8c-ac6175af2cc1,bb576c12-cbe0-4b3f-89fe-61a8cb3c89d7,Maul_FZC,BUY,FIREWORK_ROCKET,Firework Rocket,1,11.185013544951106,11.185013544951106,2025-12-15 09:53:13
07589060-321e-4e55-9eb8-4886ccefcfd2,06b8c4be-fb45-40c8-a122-a940f4bfae99,.FannShizu,SELL,DIAMOND,Diamond,1,63.47949999999999,63.47949999999999,2025-12-15 11:56:06
a459f733-600e-4860-820c-f34b2cadcb94,5cc5287c-e687-4535-a740-d6245b497a57,.FannShizu,SELL,DIAMOND,Diamond,1,63.41649999999999,63.41649999999999,2025-12-15 11:56:07
5bfae5fe-95d5-4b27-a4e0-fd0287f67d23,59bca2cc-664a-4ab3-9aec-7b7342cbe415,.FannShizu,BUY,SUGAR_CANE,Sugar Cane,1,0.82495,0.82495,2025-12-15 12:07:13
ebcfa9ec-c97b-42d2-a404-8193376a2b1e,7fd0d6c9-a0fc-4fdd-a703-60af8fe74080,.FannShizu,BUY,ACACIA_FENCE_GATE,Acacia Fence Gate,1,2.049593431428787,2.049593431428787,2025-12-15 12:07:13
073631ec-78ac-4f0a-9e84-d7356f649197,3588f3be-5390-409e-b612-706dc522db0c,.FannShizu,BUY,SUGAR_CANE,Sugar Cane,1,0.82585,0.82585,2025-12-15 12:07:13
9bdd82e5-2f07-4ffc-af03-d4ef935965ab,7f5c925c-df5b-43b4-9270-f140ed9bc5d9,Xitsongalo,BUY,SHULKER_SHELL,Shulker Shell,1,124.564681293032,124.564681293032,2025-12-15 12:44:38
2c183ba3-f5cc-4046-8a0d-0b89fbbd1e97,c6fdfcfd-8220-40ef-8b9b-50ebc0d84ecc,Xitsongalo,BUY,SHULKER_SHELL,Shulker Shell,1,130.79291535768346,130.79291535768346,2025-12-15 12:44:38
3224730b-8bd0-404f-b894-abecdbcbbe0c,e60741de-42d2-430c-8e12-ad5ed1d62c95,Xitsongalo,SELL,QUARTZ,Quartz,64,17.919999999999995,0.2799999999999999,2025-12-15 12:55:39
03462932-cd20-4684-86e8-c5110214816b,9e0e8cd0-8d9c-4c89-bab3-1240d0ee4ffb,Xitsongalo,SELL,QUARTZ,Quartz,64,17.919999999999995,0.2799999999999999,2025-12-15 12:55:39
40f586ad-0ba7-4b70-9918-504552e0bd43,9261cdaa-ff62-409a-9679-3b3b70a4e345,Xitsongalo,SELL,QUARTZ,Quartz,64,17.919999999999995,0.2799999999999999,2025-12-15 12:55:40
ddf7b21b-d92e-48ae-bfe1-c46bb8b75cda,66331719-0b4d-40bc-8b54-8c1b8e41a3c9,Xitsongalo,SELL,QUARTZ,Quartz,64,17.919999999999995,0.2799999999999999,2025-12-15 12:55:40
8465a61f-6800-4523-8b9d-70e61638f66e,6cb7f0c9-b3c4-4ce2-8327-55072f7c71c3,Xitsongalo,SELL,QUARTZ,Quartz,64,17.919999999999995,0.2799999999999999,2025-12-15 12:55:40
74a43f97-41cc-407c-8e2b-cbc59aac425b,dbcc22eb-a45c-4bf4-8daa-ebbb6a6b05bc,Xitsongalo,SELL,QUARTZ,Quartz,64,17.919999999999995,0.2799999999999999,2025-12-15 12:55:40
baea4150-9ae0-4d3e-9488-f5bc16041119,858107ff-b399-4255-9820-248f2e283f76,Xitsongalo,SELL,QUARTZ,Quartz,64,17.919999999999995,0.2799999999999999,2025-12-15 12:55:40
e272458f-0696-42d6-ac4e-be1eb8348a62,29b80d0a-2870-4365-8598-8ca820137465,Xitsongalo,SELL,QUARTZ,Quartz,64,17.919999999999995,0.2799999999999999,2025-12-15 12:55:40
fc6a9ac8-878c-41ee-b7c5-d58194736f60,11612644-8426-461f-9cf2-8dab463e2476,Xitsongalo,SELL,QUARTZ,Quartz,64,17.919999999999995,0.2799999999999999,2025-12-15 12:55:41
b8b9b036-5d64-4839-ab8c-b614c0b77425,f3573e94-4604-4ddc-81a1-53d5a38732fc,Xitsongalo,SELL,QUARTZ,Quartz,15,4.199999999999998,0.2799999999999999,2025-12-15 12:55:41
3f6c47db-6907-4eb8-8e9b-df9b7c772b10,513303ca-31c8-4ccf-a0f4-a0aa1b1aca4f,Xitsongalo,SELL,NETHERRACK,Netherrack,7,0.24499999999999994,0.03499999999999999,2025-12-15 12:55:43
296da21c-8598-403b-832a-9baa6c198147,971e87c7-8735-4a8d-832b-5af46dd7c6ab,Xitsongalo,SELL,NETHERRACK,Netherrack,7,0.24499999999999994,0.03499999999999999,2025-12-15 12:55:44
82b8b49e-867d-4324-a354-eb485ad7cffa,a481963a-0b40-4ce8-8a71-61fc59dfd7b8,Xitsongalo,SELL,NETHERRACK,Netherrack,7,0.24499999999999994,0.03499999999999999,2025-12-15 12:55:44
d4ce48a1-3f9a-4468-aba5-fcfb25564aa0,6599e073-83c6-498c-9e3a-d0d96907c518,Xitsongalo,SELL,NETHERRACK,Netherrack,7,0.24499999999999994,0.03499999999999999,2025-12-15 12:55:44
856eee8f-c2a1-446a-8fe9-13db52db5f71,1b36834a-905d-4919-9201-74318bb6697a,Xitsongalo,SELL,NETHERRACK,Netherrack,7,0.24499999999999994,0.03499999999999999,2025-12-15 12:55:44
2be46bd9-cc6a-4a4c-aa1a-e00f2d29c750,a1693bd1-a326-43e0-8a62-6330e009c72b,Xitsongalo,SELL,NETHERRACK,Netherrack,7,0.24499999999999994,0.03499999999999999,2025-12-15 12:55:44
aba7bc99-dfd9-49d9-81e6-48de3f268da0,9753a6e6-37ae-4c45-b621-eb4fb37aa5fd,Xitsongalo,SELL,NETHERRACK,Netherrack,7,0.24499999999999994,0.03499999999999999,2025-12-15 12:55:45
52df6038-3369-4779-8964-9ab076d91ad5,72800531-d572-4e7f-8e35-e84b20563765,Xitsongalo,SELL,NETHERRACK,Netherrack,7,0.24499999999999994,0.03499999999999999,2025-12-15 12:55:45
9bebb212-8e86-4b53-b6ba-0ee3b3dd15e4,f677a65b-4d49-47f2-97fb-0e590e29b5f0,Xitsongalo,SELL,NETHERRACK,Netherrack,7,0.24499999999999994,0.03499999999999999,2025-12-15 12:55:45
105f9916-d478-47a2-9d71-90a4dbd1e1cd,b8dceb08-c6ce-45d8-91f1-bbe9411a72c3,Xitsongalo,SELL,NETHERRACK,Netherrack,7,0.24499999999999994,0.03499999999999999,2025-12-15 12:55:45
9f8911c6-5945-411a-a3d1-e29f1243b852,ad640091-4f73-4707-b135-45d3ed1d56b7,Xitsongalo,SELL,NETHERRACK,Netherrack,7,0.24499999999999994,0.03499999999999999,2025-12-15 12:55:45
ead77ed5-7312-4750-a853-e622a7b2c224,147f85a2-6a0d-4523-bfa6-ed80e6a87f59,Xitsongalo,SELL,NETHERRACK,Netherrack,7,0.24499999999999994,0.03499999999999999,2025-12-15 12:55:46
126e540c-9d38-43c2-ae13-4ed68852cf0d,53e93e1f-534a-404f-8a11-b6e8e5ec4fcf,Xitsongalo,SELL,NETHERRACK,Netherrack,7,0.24499999999999994,0.03499999999999999,2025-12-15 12:55:47
51a84b5b-0a0a-4eff-b4b0-5ad34b58672b,80d5d0e9-2215-469f-8cd0-f75c19dbc4ae,Xitsongalo,SELL,NETHERRACK,Netherrack,7,0.24499999999999994,0.03499999999999999,2025-12-15 12:55:47
b53f9482-a1e9-40a1-bdfa-2dde1bdde792,437df42d-60ba-41f8-b6bb-f78239de7df6,Xitsongalo,SELL,NETHERRACK,Netherrack,7,0.24499999999999994,0.03499999999999999,2025-12-15 12:55:48
d3b44412-b2e4-44dc-8d1f-fb553aa7e53f,df364f3f-f2c6-4fd9-b479-64115b4129be,Xitsongalo,SELL,NETHERRACK,Netherrack,7,0.24499999999999994,0.03499999999999999,2025-12-15 12:55:48
50063b19-84f5-404a-a296-ea63372bdf8c,4d50a958-32b6-4620-97a0-0601791d79b0,Xitsongalo,SELL,NETHERRACK,Netherrack,7,0.24499999999999994,0.03499999999999999,2025-12-15 12:55:48
94029e18-e52d-4a4c-8c90-2182278c79de,806b568a-c0fa-4db6-9dce-9413e98201e1,Xitsongalo,SELL,NETHERRACK,Netherrack,7,0.24499999999999994,0.03499999999999999,2025-12-15 12:55:48
3013a119-0015-4ffa-9279-8ed085038b7b,5d76ee58-c564-434c-be15-6311fa293214,Xitsongalo,SELL,NETHERRACK,Netherrack,7,0.24499999999999994,0.03499999999999999,2025-12-15 12:55:49
b19f0f5c-4b1c-464a-875b-b830835af745,e312e898-099a-4488-bc6e-9aa8ade11e0f,Xitsongalo,SELL,NETHERRACK,Netherrack,2,0.06999999999999998,0.03499999999999999,2025-12-15 12:55:50
